canonical_question_id,classification,evidence_count,evidence_ids,examiner,question_text,url
QB1_I#q2,READY_CONNECTION,1,MASTER-AQ-0535,Nair,How will you register a second-hand ship acquisition in India?,/meoclass1/QB1_I.html#q2
QB1_I#q5,READY_CONNECTION,1,MASTER-AQ-0550,Nair,Explain any renewal survey in detail as Chief Engineer.,/meoclass1/QB1_I.html#q5
QB1_I#q6,READY_CONNECTION,1,MASTER-AQ-0555,Nair,IACS — what are its functions?,/meoclass1/QB1_I.html#q6
QB1_K#q5,READY_CONNECTION,1,JULY-NEW-109,Nair,Difference between DP-1 and DP-2.,/meoclass1/QB1_K.html#q5
QB2_F#q2,READY_CONNECTION,1,MASTER-AQ-0155,Nair,A container catches fire and the UN number shows different EmS symptoms — how do you approach and fight it?,/meoclass1/QB2_F.html#q2
QB2_F#q4,READY_CONNECTION,1,MASTER-AQ-0405,Nair,A fire breaks out in an undeclared dangerous goods container — how will you fight it?,/meoclass1/QB2_F.html#q4
QB2_F#q5,READY_CONNECTION,1,MASTER-AQ-0412,Nair,"Explain the water mist lance and mobile water monitor: how to use them, on which fires, where the requirement is mentioned, and the functional requirements.",/meoclass1/QB2_F.html#q5
QB3_H#q6,READY_CONNECTION,1,MASTER-AQ-0558,Nair,MARPOL Annex II — contents and certificates required?,/meoclass1/QB3_H.html#q6
QB5_G#q1,READY_CONNECTION,1,MASTER-AQ-0152,Nair,Alternate fuels .. transition .. what in your opinion is a long term alternative solution.?,/meoclass1/QB5_G.html#q1
QB5_G#q3,READY_CONNECTION,1,MASTER-AQ-0271,Nair,Dri cargo hazards,/meoclass1/QB5_G.html#q3
QB9_H#q9,READY_CONNECTION,1,JULY-NEW-123,Nair,What is a Contract of Affreightment?,/meoclass1/QB9_H.html#q9
QB1_A#q8,READY_CONNECTION,1,JULY-NEW-103,Paul,Maritime Lien — Explain.,/meoclass1/QB1_A.html#q8
QB1_F#q14,READY_CONNECTION,1,JULY-NEW-094,Paul,Types of survey and what is CSM survey,/meoclass1/QB1_F.html#q14
QB4_G#q8,READY_CONNECTION,1,MASTER-AQ-0468,Paul,Which statutory certificate does not need renewal/survey other than AFS certificate?,/meoclass1/QB4_G.html#q8
QB4_J#q7,READY_CONNECTION,1,JULY-NEW-090,Paul,Difference between ISM survey and ISM audit.,/meoclass1/QB4_J.html#q7
QB1_A#q9,READY_CONNECTION,1,MASTER-AQ-0133,Rajappan,General Average — Explain including act and procedure followed.,/meoclass1/QB1_A.html#q9
QB3_B#q19,READY_CONNECTION,1,MASTER-AQ-0349,Rajappan,"What does GESAMP stand for, and what is its role in the maritime context?",/meoclass1/QB3_B.html#q19
QB3_H#q3,READY_CONNECTION,1,MASTER-AQ-0119,Rajappan,How do you test the high and low-low level alarms on the Inert Gas system?,/meoclass1/QB3_H.html#q3
QB5_B#q10,READY_CONNECTION,1,MASTER-AQ-0127,Rajappan,"PID Controller — What Is It, Where Used Onboard, How to Tune and Adjust.",/meoclass1/QB5_B.html#q10
QB5_B#q15,READY_CONNECTION,1,MASTER-AQ-0161,Rajappan,Risk Assessment and PTW for Operating a Portable Framo Submersible Cargo Pump.,/meoclass1/QB5_B.html#q15
QB5_G#q2,READY_CONNECTION,1,MASTER-AQ-0167,Rajappan,How to carry out risk assessment and permit for portable framo pump,/meoclass1/QB5_G.html#q2
QB5_G#q4,READY_CONNECTION,1,MASTER-AQ-0372,Rajappan,As CE how will you take decisions onboard? What framework do you use?,/meoclass1/QB5_G.html#q4
QB5_G#q5,READY_CONNECTION,1,MASTER-AQ-0373,Rajappan,What is Sagar Mala project and Maritime Amritkal Vision?,/meoclass1/QB5_G.html#q5
QB7_F#q1,READY_CONNECTION,1,MASTER-AQ-0369,Rajappan,"Green, Grey, Blue and Red hydrogen — differentiate between each type.",/meoclass1/QB7_F.html#q1
QB4_I#q2,READY_CONNECTION,1,MASTER-AQ-0537,Senthil,"During an ISM audit, what is the first thing you show a surveyor as CE to demonstrate everything is in good order (PMS system)? How does the surveyor verify your PMS is genuinely in good order, and how does the surveyor know bunkering was carried out safely?",/meoclass1/QB4_I.html#q2
QB1_A#q28,READY_CONNECTION,1,MASTER-AQ-0237,Simon,Subrogation — Explain in context of marine insurance.,/meoclass1/QB1_A.html#q28
QB1_A#q7,READY_CONNECTION,1,JULY-NEW-051,Simon,Admiralty Law — Explain. How is the Chief Engineer related to the Admiralty Act?,/meoclass1/QB1_A.html#q7
QB1_I#q1,READY_CONNECTION,1,JULY-NEW-006,Simon,"What is the ESP Code, in full?",/meoclass1/QB1_I.html#q1
QB1_I#q3,READY_CONNECTION,1,MASTER-AQ-0546,Simon,"Relation between DWT, NT, GT and lightweight — how are they related?",/meoclass1/QB1_I.html#q3
QB1_I#q4,READY_CONNECTION,1,MASTER-AQ-0547,Simon,Anniversary date of a certificate — how is it defined and used?,/meoclass1/QB1_I.html#q4
QB2_H#q2,READY_CONNECTION,1,MASTER-AQ-0543,Simon,"Difference between water lance and 'hydropen' for internal container firefighting, and use of water monitors.",/meoclass1/QB2_H.html#q2
QB2_I#q2,READY_CONNECTION,1,JULY-NEW-129,Simon,"Fire in the CO₂ room — how do you fight it, and where is the relief valve outlet?",/meoclass1/QB2_I.html#q2
QB2_I#q4,READY_CONNECTION,1,JULY-NEW-131,Simon,CO₂ bottle pressure testing — what is the regime?,/meoclass1/QB2_I.html#q4
QB2_I#q5,READY_CONNECTION,1,JULY-NEW-134,Simon,What actions do you take if the emergency fire pump is not working during a Class survey?,/meoclass1/QB2_I.html#q5
QB3_F#q2,READY_CONNECTION,1,JULY-NEW-153,Simon,What statutory certificates are required under MARPOL Annex VI?,/meoclass1/QB3_F.html#q2
QB3_H#q1,READY_CONNECTION,1,MASTER-AQ-0070,Simon,What are a PSA and a PSSA? Give an example of each.,/meoclass1/QB3_H.html#q1
QB4_B#q7,READY_CONNECTION,1,JULY-NEW-041,Simon,What leadership qualities are expected of a Chief Engineer?,/meoclass1/QB4_B.html#q7
QB4_C#q11,READY_CONNECTION,1,MASTER-AQ-0259,Simon,PSC deficiency action codes?,/meoclass1/QB4_C.html#q11
QB4_C#q13,READY_CONNECTION,1,JULY-NEW-019,Simon,GISIS?,/meoclass1/QB4_C.html#q13
QB4_G#q1,READY_CONNECTION,1,MASTER-AQ-0076,Simon,flag state vs ro diffrence,/meoclass1/QB4_G.html#q1
QB4_G#q9,READY_CONNECTION,1,MASTER-AQ-0497,Simon,"OCIMF — what is it, tools of OCIMF and brief explanation of each.",/meoclass1/QB4_G.html#q9
QB4_I#q3,READY_CONNECTION,1,MASTER-AQ-0542,Simon,What is Safe Return to Port (SRtP)?,/meoclass1/QB4_I.html#q3
QB4_I#q4,READY_CONNECTION,1,MASTER-AQ-0544,Simon,III Code (IMO Instruments Implementation Code) — what does it say?,/meoclass1/QB4_I.html#q4
QB4_I#q5,READY_CONNECTION,1,MASTER-AQ-0545,Simon,What is the company's definition/role under maritime law (ISM Code Company definition)?,/meoclass1/QB4_I.html#q5
QB6_E#q3,READY_CONNECTION_MULTI_SOURCE,2,MASTER-AQ-0180;MASTER-AQ-0202,Simon,GFI Calculation and Unit (Duplicate/Deepened Focus),/meoclass1/QB6_E.html#q3
QB9_F#q10,READY_CONNECTION,1,JULY-NEW-157,Simon,Clear Grounds,/meoclass1/QB9_F.html#q10
QB9_F#q6,READY_CONNECTION,1,JULY-NEW-013,Simon,Cabotage Law,/meoclass1/QB9_F.html#q6
QB9_H#q11,READY_CONNECTION,1,JULY-NEW-050,Simon,Definitions of casualty as per the Merchant Shipping Act.,/meoclass1/QB9_H.html#q11
QB4_C#q5,READY_CONNECTION,1,MASTER-AQ-0416,Srivastava,Suspension vs withdrawal of class?,/meoclass1/QB4_C.html#q5
