canonical_question_id,defect_class,evidence_id,examiner,legacy_claimed_text,legacy_confidence,live_question,source_vs_live,source_wording
QB9_A#q9,SOURCE_ASK_NOT_COVERED_BY_MAPPED_QUESTION,MASTER-AQ-0001,Nair,Actions and precautions when your ship goes to a war risk area. What is vessel hardening? BMP5 measures. How do you motivate crew during a missile att,0.83,Actions and precautions when your ship goes to a war risk area. What is vessel hardening? BMP5 measures. How do you motivate crew during a missile att,0.294,Actions and precautions when your ship goes to war zone
QB5_B#q1,SOURCE_ASK_NOT_COVERED_BY_MAPPED_QUESTION,MASTER-AQ-0002,Nair,Taking Over as CE — Procedure.,manual,Taking Over as CE — Procedure.,0.182,⁠Taking over a ship from other company what all checks you will carry out as CE
QB1_A#q1,SOURCE_ASK_NOT_COVERED_BY_MAPPED_QUESTION,MASTER-AQ-0005,Nair,P&amp;I Club — What is Protection &amp; Indemnity? How does it differ from other marine insurance?,manual,P&I Club — What is Protection & Indemnity? How does it differ from other marine insurance?,0.3,⁠P& I -what is protective and indemnity.. difference between other insurance.
QB1_F#q3,MAPPING_UNVERIFIABLE_AGAINST_LIVE_FILE,MASTER-AQ-0009,Nair,Vgr who issues and who verifies where it is mentioned and two types of checking vgr,High (100% fuzzy match),"VGM (Verified Gross Mass) — who issues, who verifies, where it is mentioned, and the two methods of determination",0.308,Vgr who issues and who verifies where it is mentioned and two types of checking vgr
QB1_A#q14,SOURCE_ASK_NOT_COVERED_BY_MAPPED_QUESTION,MASTER-AQ-0010,Nair,OPRC Convention — Full form and explanation.,High (86% fuzzy match),OPRC Convention — Full form and explanation.,0.231,"Csc convention full explanation, including testing and certification, type of containers and difference in testing  reefer containers"
QB2_B#q10,SOURCE_ASK_NOT_COVERED_BY_MAPPED_QUESTION,MASTER-AQ-0011,Nair,"What are the latest SOLAS amendments regarding safety on container ships, specifically relating to portable water monitors — how many are required, on",0.8,"What are the latest SOLAS amendments regarding safety on container ships, specifically relating to portable water monitors — how many are required, on what basis is the number determined, and is a portable water monitor used for firefighting?",0.087,"New amendments related to container ship ,"
QB2_A#q4,SOURCE_ASK_NOT_COVERED_BY_MAPPED_QUESTION,MASTER-AQ-0012,Nair,"Container tracking &mdash; who tracks them, for what purpose, and what technology is used including ISO 6346.",0.75,"Container tracking — who tracks them, for what purpose, and what technology is used including ISO 6346.",0.25,Containers tracking how they track who tracks for what purpose
QB2_B#q1,SOURCE_ASK_NOT_COVERED_BY_MAPPED_QUESTION,MASTER-AQ-0017,Nair,What documents and certificates are required when carrying IMDG cargo? Where do you find firefighting details for IMDG cargo?,manual,What documents and certificates are required when carrying IMDG cargo? Where do you find firefighting details for IMDG cargo?,0.25,Imdg cargo in detail docs and certificates related to imdg
QB2_A#q9,SOURCE_ASK_NOT_COVERED_BY_MAPPED_QUESTION,MASTER-AQ-0019,Nair,"IMDG Code &mdash; documents, certificates, marking, labelling, UN numbers, segregation codes, and latest amendments.",manual,"IMDG Code — documents, certificates, marking, labelling, UN numbers, segregation codes, and latest amendments.",0.077,Marking and labeling and number
QB2_B#q4,SOURCE_ASK_NOT_COVERED_BY_MAPPED_QUESTION,MASTER-AQ-0020,Nair,"QB2_B - Q4 - GIVE AN OVERVIEW OF THE IMDG CODE - ITS STRUCTURE, CLASSES, AND KEY FEATURES.",,"Give an overview of the IMDG Code — its structure, classes, and key features.",0.286,IMDG code
QB1_A#q6,SOURCE_ASK_NOT_COVERED_BY_MAPPED_QUESTION,MASTER-AQ-0023,Nair,HNS Convention — For whom does it apply? Is it in force? What is the HNS Protocol and HNS Fund?,manual,HNS Convention — For whom does it apply? Is it in force? What is the HNS Protocol and HNS Fund?,0.182,"HNS convention for whom it applies  and is it in force or not , if HNS pollution happens in US waters what is the next steps and actions who is liable and who covers the remaining since the convention is not yet in force, what is LLMC and limits"
QB8_A#q6,SOURCE_ASK_NOT_COVERED_BY_MAPPED_QUESTION,MASTER-AQ-0025,Senthil,IMDG DG cargo documents?,0.73,IMDG DG cargo documents?,0.0,Shat power limitation why we use who authorise it what is the purpose of it
QB9_C#q1,MAPPING_UNVERIFIABLE_AGAINST_LIVE_FILE,MASTER-AQ-0026,Senthil,IMDG DG cargo documents?,manual,Constructive total loss — define and explain the criteria for declaring CTL in marine insurance.,0.0,He also asked about imdg cargo docs and certificates
QB9_A#q3,SOURCE_ASK_NOT_COVERED_BY_MAPPED_QUESTION,MASTER-AQ-0031,Simon,"QB9_A - Part of Q3. Fund Convention- explanation and why introduced. HNS Convention - for whom, in force or not, HNS protocol. LLMV - limits, who pays within and after incident.QB1_A - Q2. Fund convention - explain in detail.",,"Fund Convention — explanation and why introduced. HNS Convention — for whom, in force or not, HNS Protocol. LLMC — limits, who pays within and after l",0.143,⁠Fund convention.
QB1_A#q4,SOURCE_ASK_NOT_COVERED_BY_MAPPED_QUESTION,MASTER-AQ-0033,Simon,"QB1_A - Q4. Bunker Convention 2001 - explain in detail. Why was it required despite CLC?, QB9_A - Part of Q2.CLC convention - explain fully including limits. Bunker convention - why is it needed despite CLC?",,Bunker Convention 2001 — Explain in detail. Why was it required despite CLC?,0.286,⁠Bunker convention.
QB9_B#q7,SOURCE_ASK_NOT_COVERED_BY_MAPPED_QUESTION,MASTER-AQ-0034,Simon,"QB9_B - Q1. CAS, CAP & Liability types, also in Q7, CAS nad CAP - detailed comparison and application for senior engineers.",,CAS and CAP — detailed comparison and application for senior engineers.,0.286,⁠Cas and Cap.
QB2_A#q13,SOURCE_ASK_NOT_COVERED_BY_MAPPED_QUESTION,MASTER-AQ-0035,Simon,Cohesive cargo &mdash; definition. Can you carry logs in a bulk carrier and what are the precautions?,manual,Cohesive cargo — definition. Can you carry logs in a bulk carrier and what are the precautions?,0.2,⁠Cohesive cargo means what.
QB4_H#q1,MAPPING_UNVERIFIABLE_AGAINST_LIVE_FILE,MASTER-AQ-0037,Simon,Q1,"High (session-verified, direct build)",What is the AECS course and who is required to do it?,0.0,⁠FLL
QB9_A#q5,MAPPING_UNVERIFIABLE_AGAINST_LIVE_FILE,MASTER-AQ-0039,Simon,"QB9_A - Q5. Admiralty law - what is it? What is a maritime lien? How is the CE related to the Admiralty Act?, QB1_A - Q7. Admiralty Law- Explain. How is the chief engineer related to the Admiralty Act?, QB1_B - Q3. Give an overview of Admiralty Law as it applies to a ship - cover Maritime Lien, Tort, and Statutory Liability.",,Admiralty law — what is it? What is a maritime lien? How is the CE related to the Admiralty Act?,0.333,⁠Admiralty law.
QB4_B#q1,SOURCE_ASK_NOT_COVERED_BY_MAPPED_QUESTION,MASTER-AQ-0041,Nair,"QB4_B - Q1. What does communication mean as a human element principle in the context of ISM and Shipboard safety management?, QB5_F - Q2. Communication skills for the CE - how do you handle language barriers and crew management communication?",,What does 'communication' mean as a human element principle in the context of ISM and shipboard safety management?,0.1,Communication
QB4_B#q5,MAPPING_UNVERIFIABLE_AGAINST_LIVE_FILE,MASTER-AQ-0042,Nair,"QB4_B - Q1. What does communication mean as a human element principle in the context of ISM and Shipboard safety management?, Q5. What is human element in shipping? Explain its key dimensions - navigation, safety, fatigue, communication and organisational factors., Q6. How does the human element feature in a marine casualty investigation? What HE factors are typically examined?, QB5_A - Q1. Human element - why is imo focusing on it? IMO HTW sub-committee and its functions, QB5_B Q36. Human element factors in casualty investigation, QB1_A - Q24. Casualty investigation code - why? How to report? Human elements to consider.",,"What is the human element in shipping? Explain its key dimensions — navigation, safety, fatigue, communication, and organisational factors.",0.182,Human element
QB9_A#q5,MAPPING_UNVERIFIABLE_AGAINST_LIVE_FILE,MASTER-AQ-0045,Nair,"QB9_A - Q5. Admiralty law - what is it? What is a maritime lien? How is the CE related to the Admiralty Act?, QB1_A - Q7. Admiralty Law- Explain. How is the chief engineer related to the Admiralty Act?, QB1_B - Q3. Give an overview of Admiralty Law as it applies to a ship - cover Maritime Lien, Tort, and Statutory Liability.",,Admiralty law — what is it? What is a maritime lien? How is the CE related to the Admiralty Act?,0.333,Admiralty Law
QB1_A#q7,MAPPING_UNVERIFIABLE_AGAINST_LIVE_FILE,MASTER-AQ-0046,Nair,"Maritime Lien — Explain.,QB9_A - Q5. Admiralty law - what is it? What is a maritime lien? How is the CE related to the Admiralty Act?,QB1_B - Q3. Give an overview of Admiralty Law as it applies to a ship - cover Maritime Lien, Tort, and Statutory Liability.",1,Admiralty Law — Explain. How is the Chief Engineer related to the Admiralty Act?,0.0,Liens – Maritime lien
QB1_H#q1,MAPPING_UNVERIFIABLE_AGAINST_LIVE_FILE,MASTER-AQ-0047,Nair,Q1,"High (session-verified, direct build)",What is IACS Procedural Requirement (PR) 17 and when does it apply?,0.0,PSC Inspection
QB1_H#q1,SOURCE_ASK_NOT_COVERED_BY_MAPPED_QUESTION,MASTER-AQ-0048,Nair,What is IACS Procedural Requirement (PR) 17 and when does it apply?,0.95,What is IACS Procedural Requirement (PR) 17 and when does it apply?,0.0,PR 17
QB1_H#q1,MAPPING_UNVERIFIABLE_AGAINST_LIVE_FILE,MASTER-AQ-0052,Nair,Q2,"High (session-verified, direct build)",What is IACS Procedural Requirement (PR) 17 and when does it apply?,0.0,Substantial corrosion
QB1_H#q2,SOURCE_ASK_NOT_COVERED_BY_MAPPED_QUESTION,MASTER-AQ-0053,Nair,What is IACS Procedural Requirement (PR) 9 and how does it standardise ISM Code certification?,0.95,What is IACS Procedural Requirement (PR) 9 and how does it standardise ISM Code certification?,0.0,PR 9
QB2_B#q10,SOURCE_ASK_NOT_COVERED_BY_MAPPED_QUESTION,MASTER-AQ-0054,Nair,"What are the latest SOLAS amendments regarding safety on container ships, specifically relating to portable water monitors — how many are required, on",0.75,"What are the latest SOLAS amendments regarding safety on container ships, specifically relating to portable water monitors — how many are required, on what basis is the number determined, and is a portable water monitor used for firefighting?",0.091,Latest amendments related to STCW
QB4_B#q17,SOURCE_ASK_NOT_COVERED_BY_MAPPED_QUESTION,MASTER-AQ-0056,Nair,What actions and precautions do you take as Chief Engineer when sailing through a war risk area (e.g. Persian Gulf)?,1,What actions and precautions do you take as Chief Engineer when sailing through a war risk area (e.g. Persian Gulf)?,0.231,"You are in a war risk area, how do you sail"
QB9_A#q8,SOURCE_ASK_NOT_COVERED_BY_MAPPED_QUESTION,MASTER-AQ-0057,Nair,"UNCLOS — explain in detail. Rights denied in war risk area. Sovereign vs jurisdiction — difference. EEZ, Continental Shelf. What is hot pursuit — cond",0.86,"UNCLOS — explain in detail. Rights denied in war risk area. Sovereign vs jurisdiction — difference. EEZ, Continental Shelf. What is hot pursuit — cond",0.333,What all rights are denied under UNCLOS in the war risk area?
QB4_H#q1,MAPPING_UNVERIFIABLE_AGAINST_LIVE_FILE,MASTER-AQ-0062,Nair,Q2,"High (session-verified, direct build)",What is the AECS course and who is required to do it?,0.0,Sustainable fuel
QB4_H#q2,MAPPING_UNVERIFIABLE_AGAINST_LIVE_FILE,MASTER-AQ-0063,Nair,Pre-existing coverage: BMP5 Strait of Hormuz,0.85,Outline the Best Management Practices for a transit through the Strait of Hormuz.,0.1,bmp for straight of hormuz
QB4_C#q15,SOURCE_ASK_NOT_COVERED_BY_MAPPED_QUESTION,MASTER-AQ-0065,Nair,RO Code?,1,RO Code?,0.2,Imdg cargo certificate requirement and code
QB5_C_B#q8,SOURCE_ASK_NOT_COVERED_BY_MAPPED_QUESTION,MASTER-AQ-0069,Simon,QB5_C_B - Q18. Two types of CSR - explain both. Difference between CSR and E-CSR,,Q18: Two types of CSR — explain both. Difference between CSR and E-CSR,0.286,types of csr.
QB4_C#q15,SOURCE_ASK_NOT_COVERED_BY_MAPPED_QUESTION,MASTER-AQ-0071,Simon,RO Code?,1,RO Code?,0.333,Ro code full explantion
QB1_B#q7,SOURCE_ASK_NOT_COVERED_BY_MAPPED_QUESTION,MASTER-AQ-0072,Simon,What criteria must an organisation meet to become a Recognised Organisation (RO) under IMO/Flag State delegation?,manual,What criteria must an organisation meet to become a Recognised Organisation (RO) under IMO/Flag State delegation?,0.182,where criteria is given to become ro.
QB4_I#q1,MAPPING_UNVERIFIABLE_AGAINST_LIVE_FILE,MASTER-AQ-0073,Simon,"Explain the ISPS Code — types of certificates, security levels, and the role of the SSO.",1,"What types of ISPS-related certificates exist, and what are their validity periods?",0.333,types of isps.- certificate validity
QB4_C#q15,SOURCE_ASK_NOT_COVERED_BY_MAPPED_QUESTION,MASTER-AQ-0074,Simon,RO Code?,1,RO Code?,0.167,ip code definition.. explanation.. courses required for ip personnel
QB1_H#q1,MAPPING_UNVERIFIABLE_AGAINST_LIVE_FILE,MASTER-AQ-0077,Simon,Q3,"High (session-verified, direct build)",What is IACS Procedural Requirement (PR) 17 and when does it apply?,0.0,Mlc &rpsl how related with seafarer
QB4_H#q1,MAPPING_UNVERIFIABLE_AGAINST_LIVE_FILE,MASTER-AQ-0078,Simon,Q3,"High (session-verified, direct build)",What is the AECS course and who is required to do it?,0.0,iacs.ur.pr.ui
QB4_H#q3,MAPPING_UNVERIFIABLE_AGAINST_LIVE_FILE,MASTER-AQ-0079,Simon,Pre-existing coverage: Security-related courses,0.85,"What security-related courses are required for seafarers under STCW/ISPS, and what does each cover?",0.25,security courses required for seafarer and names.
QB9_E#q12,MAPPING_UNVERIFIABLE_AGAINST_LIVE_FILE,MASTER-AQ-0082,Nair,Insurance principles — list all principles of marine insurance and explain each.,manual,Inchmaree Clause in Marine Insurance,0.222,War time marine insurance. Who pays the extra premium
QB3_F#q2,SOURCE_ASK_NOT_COVERED_BY_MAPPED_QUESTION,MASTER-AQ-0085,Nair,What statutory certificates are required under MARPOL Annex VI?,High (95% fuzzy match),What statutory certificates are required under MARPOL Annex VI?,0.333,Annex 6 certificates
QB4_B#q1,MAPPING_UNVERIFIABLE_AGAINST_LIVE_FILE,MASTER-AQ-0086,Nair,QB4_B.html#q2,,What does 'communication' mean as a human element principle in the context of ISM and shipboard safety management?,0.0,"Takeover as CE, what all to check"
QB4_B#q3,SOURCE_ASK_NOT_COVERED_BY_MAPPED_QUESTION,MASTER-AQ-0087,Nair,"As per the Safety Management System, how is planned maintenance carried out onboard? What does the SMS require?",0.8,"As per the Safety Management System, how is planned maintenance carried out onboard? What does the SMS require?",0.333,"As per SMS, how do u carry out maintenance"
QB4_A#q5,SOURCE_ASK_NOT_COVERED_BY_MAPPED_QUESTION,MASTER-AQ-0088,Nair,"Describe how a PSC inspection is conducted — how do officers board, what are the types and levels of inspection, and how are deficiency codes used?",manual,"Describe how a PSC inspection is conducted — how do officers board, what are the types and levels of inspection, and how are deficiency codes used?",0.2,Psc inspection. How they come onboard. Do u invite them?. What all levels of inspection they do.
QB6_E#q1,MAPPING_UNVERIFIABLE_AGAINST_LIVE_FILE,MASTER-AQ-0089,Nair,"Q1: Asked about written, which was the toughest question. I said CII. The. Asked to explain CII.",High,Carbon Intensity Indicator (CII) Explanation,0.091,"Asked about written, which was the toughest question. I said CII. The. Asked to explain CII."
QB4_C#q15,SOURCE_ASK_NOT_COVERED_BY_MAPPED_QUESTION,MASTER-AQ-0098,Simon,RO Code?,1,RO Code?,0.143,"IBC code, reg 17, tank requirements, how it's different BCH code"
QB9_E#q4,MAPPING_UNVERIFIABLE_AGAINST_LIVE_FILE,MASTER-AQ-0100,Simon,,manual,CLC and its Explanation,0.333,CLC and it's explanation (came out of crossing from bunker)
QB9_A#q3,SOURCE_ASK_NOT_COVERED_BY_MAPPED_QUESTION,MASTER-AQ-0101,Simon,"Fund Convention — explanation and why introduced. HNS Convention — for whom, in force or not, HNS Protocol. LLMC — limits, who pays within and after l",0.8,"Fund Convention — explanation and why introduced. HNS Convention — for whom, in force or not, HNS Protocol. LLMC — limits, who pays within and after l",0.267,Fund convention explanation and also why was it introduced.
QB2_B#q17,SOURCE_ASK_NOT_COVERED_BY_MAPPED_QUESTION,MASTER-AQ-0105,Rajappan,"What is the dry chemical powder (DCP) firefighting system fitted on the deck of a container ship, and what regulations govern it?",manual,"What is the dry chemical powder (DCP) firefighting system fitted on the deck of a container ship, and what regulations govern it?",0.286,"Fire fighting system on deck - DCP, System and regulations"
QB5_B#q11,MAPPING_UNVERIFIABLE_AGAINST_LIVE_FILE,MASTER-AQ-0109,Rajappan,QB5_B.html - Q11. 3-element controller - explain,,3-Element Controller — Explain.,0.333,3-elements controller
QB1_H#q1,MAPPING_UNVERIFIABLE_AGAINST_LIVE_FILE,MASTER-AQ-0110,Rajappan,Q4,"High (session-verified, direct build)",What is IACS Procedural Requirement (PR) 17 and when does it apply?,0.0,Controller tuning procedure - Ziegler-Nichols Method
QB1_H#q4,MAPPING_UNVERIFIABLE_AGAINST_LIVE_FILE,MASTER-AQ-0111,Rajappan,Pre-existing coverage: Windlass/mooring winch brake rendering test,0.85,"Describe the windlass/mooring winch brake rendering test — purpose, calculation basis, and procedure.",0.083,Windlass break testing
QB2_B#q19,SOURCE_ASK_NOT_COVERED_BY_MAPPED_QUESTION,MASTER-AQ-0112,Rajappan,How would you apply Formal Safety Assessment (FSA) specifically in the context of Li-ion battery cargo carried in containers?,1,How would you apply Formal Safety Assessment (FSA) specifically in the context of Li-ion battery cargo carried in containers?,0.231,FSA - for Li-ion battery
QB5_B#q13,SOURCE_ASK_NOT_COVERED_BY_MAPPED_QUESTION,MASTER-AQ-0114,Rajappan,QB5_B.html - q13. IG Alarms and trips. O2 analyser - low and high O2 limits. Span Gas and test gas,,IG Alarms and Trips. O₂ Analyser — Low and High O₂ Limits. Span Gas and Test Gas.,0.222,IG alarms and trips
QB4_C#q15,SOURCE_ASK_NOT_COVERED_BY_MAPPED_QUESTION,MASTER-AQ-0120,Rajappan,RO Code?,1,RO Code?,0.2,What are all the new amendments in IBC code
QB4_B#q8,SOURCE_ASK_NOT_COVERED_BY_MAPPED_QUESTION,MASTER-AQ-0121,Rajappan,Explain the principles of crew motivation onboard a ship.,manual,Explain the principles of crew motivation onboard a ship.,0.333,Principle of Motivation of crew
QB1_B#q12,SOURCE_ASK_NOT_COVERED_BY_MAPPED_QUESTION,MASTER-AQ-0124,Rajappan,Explain civil liability in the context of the CLC and the Fund Convention — how do they work together for oil pollution compensation?,0.8,Explain civil liability in the context of the CLC and the Fund Convention — how do they work together for oil pollution compensation?,0.333,"What is civil liability,  more on clc and fund"
QB1_A#q1,SOURCE_ASK_NOT_COVERED_BY_MAPPED_QUESTION,MASTER-AQ-0125,Rajappan,P&I Club — What is Protection & Indemnity? How does it differ from other marine insurance?,High (100% fuzzy match),P&I Club — What is Protection & Indemnity? How does it differ from other marine insurance?,0.143,What is insurance
QB5_A#q1,MAPPING_UNVERIFIABLE_AGAINST_LIVE_FILE,MASTER-AQ-0129,Rajappan,QB5_A.html - q6,,Human Element — Why is IMO focusing on it? IMO HTW Sub-committee and its functions.,0.0,⁠conflict management
QB5_A#q5,MAPPING_UNVERIFIABLE_AGAINST_LIVE_FILE,MASTER-AQ-0130,Rajappan,QB5_A.html#q5. Motivation of crew,,Motivation of Crew — Principles of Motivation.,0.2,⁠how u will motivate crew .
QB6_F#q1,MAPPING_UNVERIFIABLE_AGAINST_LIVE_FILE,MASTER-AQ-0132,Rajappan,not found.,manual,Explain the IP (Industrial Personnel) Code under SOLAS Chapter XV.,0.167,⁠Ip code
QB1_A#q9,SOURCE_ASK_NOT_COVERED_BY_MAPPED_QUESTION,MASTER-AQ-0133,Rajappan,General Average — Explain including act and procedure followed.,0.95,General Average — Explain including act and procedure followed.,0.333,⁠general average
QB9_C#q5,MAPPING_UNVERIFIABLE_AGAINST_LIVE_FILE,MASTER-AQ-0134,Rajappan,P&amp;I Club — What is Protection &amp; Indemnity? How does it differ from other marine insurance?,manual,Insurance principles — list all principles of marine insurance and explain each.,0.333,⁠principal of marine insurance .
QB10_A#q1,MAPPING_UNVERIFIABLE_AGAINST_LIVE_FILE,MASTER-AQ-0135,Rajappan,,manual,Describe the type of vessel you have sailed on and its key engineering features.,0.2,"type of ship sailed - general cargo ,"
QB1_A#q15,SOURCE_ASK_NOT_COVERED_BY_MAPPED_QUESTION,MASTER-AQ-0136,Rajappan,NOSDCP — Explain.,High (80% fuzzy match),NOSDCP — Explain.,0.0,explain ESP..
QB4_A#q4,SOURCE_ASK_NOT_COVERED_BY_MAPPED_QUESTION,MASTER-AQ-0139,Nair,"Describe the internal audit procedure under the ISM Code. Who conducts it, what is checked, and what is the outcome?",1,"Describe the internal audit procedure under the ISM Code. Who conducts it, what is checked, and what is the outcome?",0.333,Procedure for internal audit
QB3_A#q1,MAPPING_UNVERIFIABLE_AGAINST_LIVE_FILE,MASTER-AQ-0144,Srivastava,QB3_A.html#q1,,"SOLAS Chapter XII — what does it cover, and why is it relevant to bulk carriers?",0.286,solas chapter 12.
QB2_A#q1,MAPPING_UNVERIFIABLE_AGAINST_LIVE_FILE,MASTER-AQ-0145,Srivastava,QB2_A.html#q11,,"CSC Convention — what it covers, container testing, approval methods, certification, and how reefer container testing differs.",0.0,Grain code.
QB4_H#q1,MAPPING_UNVERIFIABLE_AGAINST_LIVE_FILE,MASTER-AQ-0147,Srivastava,Q4,"High (session-verified, direct build)",What is the AECS course and who is required to do it?,0.0,Role of CE for ISPS audit?
QB4_H#q4,MAPPING_UNVERIFIABLE_AGAINST_LIVE_FILE,MASTER-AQ-0148,Srivastava,Pre-existing coverage: SSAS testing procedure,0.85,Describe the procedure for testing the Ship Security Alert System (SSAS).,0.25,SSAS alarm testing.
QB2_B#q7,SOURCE_ASK_NOT_COVERED_BY_MAPPED_QUESTION,MASTER-AQ-0150,Nair,"Explain the container shipping operational model: what is the difference between Liner, NVOCC, and VOCC, and what are the advantages/disadvantages of",manual,"Explain the container shipping operational model: what is the difference between Liner, NVOCC, and VOCC, and what are the advantages/disadvantages of each?",0.3,Container operations ? What it’s called ? Liner ? Nvocc/Vocc … Advantages / disadvantages.?? Tried with whatever I know but he wasn’t satisfied.
QB4_C#q15,SOURCE_ASK_NOT_COVERED_BY_MAPPED_QUESTION,MASTER-AQ-0153,Nair,RO Code?,1,RO Code?,0.125,MASS CODE : only outline and degree explanation  was okie for him.
QB1_A#q24,SOURCE_ASK_NOT_COVERED_BY_MAPPED_QUESTION,MASTER-AQ-0154,Nair,Casualty Investigation Code — Why? How to report? Human elements to consider.,manual,Casualty Investigation Code — Why? How to report? Human elements to consider.,0.25,Causality Investigation : Why ? How to report.?
QB5_A#q1,MAPPING_UNVERIFIABLE_AGAINST_LIVE_FILE,MASTER-AQ-0156,Rajappan,QB5_A.html#q5,,Human Element — Why is IMO focusing on it? IMO HTW Sub-committee and its functions.,0.0,How do u motivate ur crew.
QB5_A#q1,MAPPING_UNVERIFIABLE_AGAINST_LIVE_FILE,MASTER-AQ-0157,Rajappan,QB5_A.html#q4,,Human Element — Why is IMO focusing on it? IMO HTW Sub-committee and its functions.,0.0,What is Maslow theory
QB5_B#q15,SOURCE_ASK_NOT_COVERED_BY_MAPPED_QUESTION,MASTER-AQ-0161,Rajappan,Risk Assessment and PTW for Operating a Portable Framo Submersible Cargo Pump.,0.75,Risk Assessment and PTW for Operating a Portable Framo Submersible Cargo Pump.,0.3,Portable framo pump procedure
QB5_A#q1,MAPPING_UNVERIFIABLE_AGAINST_LIVE_FILE,MASTER-AQ-0162,Rajappan,QB5_A.html#q3,,Human Element — Why is IMO focusing on it? IMO HTW Sub-committee and its functions.,0.0,Johari window
QB10_A#q1,MAPPING_UNVERIFIABLE_AGAINST_LIVE_FILE,MASTER-AQ-0164,Rajappan,not found.,manual,Describe the type of vessel you have sailed on and its key engineering features.,0.0,Sagarmala in detail
QB6#q18,SOURCE_ASK_NOT_COVERED_BY_MAPPED_QUESTION,MASTER-AQ-0166,Rajappan,VIT (Variable Injection Timing) — explain. Why is VIT not used below 40% load?,0.75,VIT (Variable Injection Timing) — explain. Why is VIT not used below 40% load?,0.333,Vit and why not using below it.
QB4_B#q1,MAPPING_UNVERIFIABLE_AGAINST_LIVE_FILE,MASTER-AQ-0168,Nair,QB4_B.html#q16,,What does 'communication' mean as a human element principle in the context of ISM and shipboard safety management?,0.0,BMP for piracy
QB2_B#q9,SOURCE_ASK_NOT_COVERED_BY_MAPPED_QUESTION,MASTER-AQ-0169,Nair,Explain the CSC (Container Safety Convention) inspection scheme in detail — covering the Periodic Examination Scheme (PES) and the Approved Continuous,manual,"Explain the CSC (Container Safety Convention) inspection scheme in detail — covering the Periodic Examination Scheme (PES) and the Approved Continuous Examination Programme (ACEP), and what tests are carried out.",0.292,"⁠csc in detail.asking about container test ,inspection scheme. Finally ended in PES,ACEP what are the test you will do."
QB8_A#q6,SOURCE_ASK_NOT_COVERED_BY_MAPPED_QUESTION,MASTER-AQ-0170,Nair,IMDG DG cargo documents?,1,IMDG DG cargo documents?,0.3,⁠IMDg cargo carrying what are the documents.how will you carry out firefighting and where you find details
QB4_B#q1,MAPPING_UNVERIFIABLE_AGAINST_LIVE_FILE,MASTER-AQ-0173,Nair,QB4_B.html#q11,,What does 'communication' mean as a human element principle in the context of ISM and shipboard safety management?,0.0,⁠how will you train your juniors
QB2_B#q11,SOURCE_ASK_NOT_COVERED_BY_MAPPED_QUESTION,MASTER-AQ-0174,Nair,"What is the Verified Gross Mass (VGM) of a container? What information must it contain, how do you ensure the VGM is correct, and who is responsible f",manual,"What is the Verified Gross Mass (VGM) of a container? What information must it contain, how do you ensure the VGM is correct, and who is responsible for declaring and deciding the container weight?",0.188,⁠vgm in details.content in vgm.how do you ensure vgm is correct.
QB4_B#q1,MAPPING_UNVERIFIABLE_AGAINST_LIVE_FILE,MASTER-AQ-0175,Nair,QB4_B.html#q7,,What does 'communication' mean as a human element principle in the context of ISM and shipboard safety management?,0.0,⁠leadership qualities
QB9_E#q7,MAPPING_UNVERIFIABLE_AGAINST_LIVE_FILE,MASTER-AQ-0176,Nair,P&I Club — what does the 'I' stand for? Explain.,manual,P&I Club Coverage in Hormuz,0.167,⁠what are the things p&i club cover in Hormuz.things not covered .how they will cancel the insurance while transit in Hormuz .
QB9_A#q4,SOURCE_ASK_NOT_COVERED_BY_MAPPED_QUESTION,MASTER-AQ-0177,Nair,General Average — explanation and procedure. What is the Sue and Labour clause? What is subrogation? What are the ITC (Institute Time Clauses) and key,1,General Average — explanation and procedure. What is the Sue and Labour clause? What is subrogation? What are the ITC (Institute Time Clauses) and key,0.231,⁠what is itc clause.what are the clauses in it.
QB6#q1,SOURCE_ASK_NOT_COVERED_BY_MAPPED_QUESTION,MASTER-AQ-0179,Simon,"What is the CII — how is it calculated, what are the units, and what does the A–E rating mean?",manual,"What is the CII — how is it calculated, what are the units, and what does the A–E rating mean?",0.143,CII calculation unit
QB2_B#q12,SOURCE_ASK_NOT_COVERED_BY_MAPPED_QUESTION,MASTER-AQ-0181,Simon,How are Gross Tonnage (GT) and Net Tonnage (NT) calculated for a container ship?,manual,How are Gross Tonnage (GT) and Net Tonnage (NT) calculated for a container ship?,0.111,GT and NT how calculayed for container. How GT 	is bigger than NT.
QB2_A#q20,SOURCE_ASK_NOT_COVERED_BY_MAPPED_QUESTION,MASTER-AQ-0182,Simon,"Parametric rolling &mdash; cause, mechanism, why container ships are susceptible, cargo consequences, and CE&rsquo;s correction.",manual,"Parametric rolling — cause, mechanism, why container ships are susceptible, cargo consequences, and CE's correction.",0.182,Parametric rolling why how to rectify
QB9_F#q1,MAPPING_UNVERIFIABLE_AGAINST_LIVE_FILE,MASTER-AQ-0184,Simon,not found.,manual,Uniform Law and Conflict of Law in Maritime Context,0.0,rightship inspection
QB9_E#q1,MAPPING_UNVERIFIABLE_AGAINST_LIVE_FILE,MASTER-AQ-0185,Simon,not found.,manual,TMSA,0.0,blue economy
QB3_G#q1,MAPPING_UNVERIFIABLE_AGAINST_LIVE_FILE,MASTER-AQ-0186,Simon,Q1,"High (session-verified, direct build)",What is a FONAR (Fuel Oil Non-Availability Report) and when must it be filed?,0.0,block chain technology
QB3_G#q1,SOURCE_ASK_NOT_COVERED_BY_MAPPED_QUESTION,MASTER-AQ-0187,Simon,What is a FONAR (Fuel Oil Non-Availability Report) and when must it be filed?,0.9,What is a FONAR (Fuel Oil Non-Availability Report) and when must it be filed?,0.125,fonar
QB1_B#q5,SOURCE_ASK_NOT_COVERED_BY_MAPPED_QUESTION,MASTER-AQ-0188,Simon,What is a Continuous Synopsis Record (CSR) and what types/categories of CSR entries exist?,manual,What is a Continuous Synopsis Record (CSR) and what types/categories of CSR entries exist?,0.267,"types of csr common structural rules, continue synopsis record and corporate social responsibility"
QB5_B#q1,MAPPING_UNVERIFIABLE_AGAINST_LIVE_FILE,MASTER-AQ-0189,Simon,"QB5_B.html#q8, also repeated in two other Qb",,Taking Over as CE — Procedure.,0.0,macn
QB5_B#q9,SOURCE_ASK_NOT_COVERED_BY_MAPPED_QUESTION,MASTER-AQ-0190,Simon,"CBDR — Constant Bearing, Decreasing Range. Explain.",0.95,"CBDR — Constant Bearing, Decreasing Range. Explain.",0.2,cbdr
QB4_C#q15,SOURCE_ASK_NOT_COVERED_BY_MAPPED_QUESTION,MASTER-AQ-0191,Simon,RO Code?,1,RO Code?,0.0,codes related to bulk carrier
QB1_B#q1,MAPPING_UNVERIFIABLE_AGAINST_LIVE_FILE,MASTER-AQ-0192,Simon,QB1_B.html#q6,,"Explain the HNS Convention — to whom does it apply, when does it enter into force, and until then what is the liability/compensation fallback (LLMC limits)?",0.0,pssa
QB4_B#q12,SOURCE_ASK_NOT_COVERED_BY_MAPPED_QUESTION,MASTER-AQ-0193,Simon,What is the difference between competent and skilled labour in the context of STCW and shipboard operations?,1,What is the difference between competent and skilled labour in the context of STCW and shipboard operations?,0.333,competent & skilled labour
QB4_B#q1,MAPPING_UNVERIFIABLE_AGAINST_LIVE_FILE,MASTER-AQ-0196,Simon,QB4_B.html#q10,,What does 'communication' mean as a human element principle in the context of ISM and shipboard safety management?,0.0,Motivational of JE onboard
QB5_A#q1,MAPPING_UNVERIFIABLE_AGAINST_LIVE_FILE,MASTER-AQ-0197,Simon,QB5_A.html#q15,,Human Element — Why is IMO focusing on it? IMO HTW Sub-committee and its functions.,0.0,Mentoring
QB2_A#q18,SOURCE_ASK_NOT_COVERED_BY_MAPPED_QUESTION,MASTER-AQ-0199,Simon,Type 1 chemical tanker — tank washing and discharge criteria for Category X cargo.,High (82% fuzzy match),Type 1 chemical tanker — tank washing and discharge criteria for Category X cargo.,0.273,oil tanker annex#1 discharge criteria
QB4_H#q1,MAPPING_UNVERIFIABLE_AGAINST_LIVE_FILE,MASTER-AQ-0200,Simon,Q5,"High (session-verified, direct build)",What is the AECS course and who is required to do it?,0.0,VICT
QB4_H#q1,SOURCE_ASK_NOT_COVERED_BY_MAPPED_QUESTION,MASTER-AQ-0201,Simon,What is the AECS course and who is required to do it?,0.9,What is the AECS course and who is required to do it?,0.333,AECS
QB7_E#q1,MAPPING_UNVERIFIABLE_AGAINST_LIVE_FILE,MASTER-AQ-0203,Simon,QB7_E.html#q5,,FLL — what will the CE know from FLL data?,0.0,UNFCC
QB4_C#q1,MAPPING_UNVERIFIABLE_AGAINST_LIVE_FILE,MASTER-AQ-0205,Simon,QB4_C.html#q15,,Bunker shortage — CE step-by-step actions?,0.0,RO code
QB1_A#q1,MAPPING_UNVERIFIABLE_AGAINST_LIVE_FILE,MASTER-AQ-0206,Simon,QB1_A.html#q15,,P&I Club — What is Protection & Indemnity? How does it differ from other marine insurance?,0.0,NOSDCP
QB2_F#q6,SOURCE_ASK_NOT_COVERED_BY_MAPPED_QUESTION,MASTER-AQ-0209,Simon,What are the ventilation requirements for a totally enclosed lifeboat?,0.61,What are the ventilation requirements for a totally enclosed lifeboat?,0.0,Life boat ventillation requirement ( one not ansered in last attempt )
QB5_A#q1,MAPPING_UNVERIFIABLE_AGAINST_LIVE_FILE,MASTER-AQ-0211,Simon,,0.49,Human Element — Why is IMO focusing on it? IMO HTW Sub-committee and its functions.,0.0,"FLL indetail, who issues and who certifies the same"
QB4_A#q19,SOURCE_ASK_NOT_COVERED_BY_MAPPED_QUESTION,MASTER-AQ-0213,Simon,Explain Formal Safety Assessment (FSA) and its application to Li-Ion battery fire risk.,manual,Explain Formal Safety Assessment (FSA) and its application to Li-Ion battery fire risk.,0.2,FSA details and application.
QB4_A#q10,SOURCE_ASK_NOT_COVERED_BY_MAPPED_QUESTION,MASTER-AQ-0214,Simon,What is the meaning of 'statutory' in the context of ship certificates? List the main statutory certificates carried on a container vessel.,manual,What is the meaning of 'statutory' in the context of ship certificates? List the main statutory certificates carried on a container vessel.,0.182,"STATUTORY cetrificates , meaning  of word Statutory."
QB3_A#q15,SOURCE_ASK_NOT_COVERED_BY_MAPPED_QUESTION,MASTER-AQ-0215,Simon,"What is the SEQ survey, and what is the supplement to the Cargo Ship Safety Equipment Certificate?",manual,"What is the SEQ survey, and what is the supplement to the Cargo Ship Safety Equipment Certificate?",0.3,SEQ survey and its supplement. ( question by internal)
QB5_A#q12,SOURCE_ASK_NOT_COVERED_BY_MAPPED_QUESTION,MASTER-AQ-0217,Nair,Root Cause Analysis / Fault Analysis Methods.,manual,Root Cause Analysis / Fault Analysis Methods.,0.2,Incident onboard. He asked how you solved. fault analysis method
QB9_E#q1,MAPPING_UNVERIFIABLE_AGAINST_LIVE_FILE,MASTER-AQ-0224,Nair,"MACN — what is it, who formed it and what does it do?",manual,TMSA,0.0,MS act - what provision you required to attend competency exam.
QB2_A#q1,MAPPING_UNVERIFIABLE_AGAINST_LIVE_FILE,MASTER-AQ-0226,Simon,QB2_A.html#q1,,"CSC Convention — what it covers, container testing, approval methods, certification, and how reefer container testing differs.",0.2,⁠csc convention
QB2_B#q1,MAPPING_UNVERIFIABLE_AGAINST_LIVE_FILE,MASTER-AQ-0227,Simon,QB2_B.html,,What documents and certificates are required when carrying IMDG cargo? Where do you find firefighting details for IMDG cargo?,0.0,⁠container test
QB2_B#q11,SOURCE_ASK_NOT_COVERED_BY_MAPPED_QUESTION,MASTER-AQ-0228,Simon,"What is the Verified Gross Mass (VGM) of a container? What information must it contain, how do you ensure the VGM is correct, and who is responsible f",0.75,"What is the Verified Gross Mass (VGM) of a container? What information must it contain, how do you ensure the VGM is correct, and who is responsible for declaring and deciding the container weight?",0.2,"⁠VGM, who decide the weight of the container"
QB2_A#q21,SOURCE_ASK_NOT_COVERED_BY_MAPPED_QUESTION,MASTER-AQ-0229,Simon,"Watertight vs weathertight &mdash; definitions, differences, and test methods.",manual,"Watertight vs weathertight — definitions, differences, and test methods.",0.222,⁠watertight and weather tight difference and test
QB1_B#q1,MAPPING_UNVERIFIABLE_AGAINST_LIVE_FILE,MASTER-AQ-0230,Simon,QB1_B.html#q18,,"Explain the HNS Convention — to whom does it apply, when does it enter into force, and until then what is the liability/compensation fallback (LLMC limits)?",0.0,⁠Tacit acceptance
QB1_B#q19,SOURCE_ASK_NOT_COVERED_BY_MAPPED_QUESTION,MASTER-AQ-0231,Simon,What does 'clear ground' mean in the context of marine insurance/claims?,High (100% fuzzy match),What does 'clear ground' mean in the context of marine insurance/claims?,0.286,⁠Clear ground
QB1_B#q8,SOURCE_ASK_NOT_COVERED_BY_MAPPED_QUESTION,MASTER-AQ-0233,Simon,How are MLC 2006 and RPSL (Recruitment and Placement Service Licence) related with respect to seafarer welfare and recruitment?,manual,How are MLC 2006 and RPSL (Recruitment and Placement Service Licence) related with respect to seafarer welfare and recruitment?,0.167,⁠MLC and RPSL difference
QB1_A#q28,SOURCE_ASK_NOT_COVERED_BY_MAPPED_QUESTION,MASTER-AQ-0237,Simon,Subrogation — Explain in context of marine insurance.,0.95,Subrogation — Explain in context of marine insurance.,0.25,⁠subrogation
QB4_C#q15,SOURCE_ASK_NOT_COVERED_BY_MAPPED_QUESTION,MASTER-AQ-0238,Simon,RO Code?,1,RO Code?,0.333,"⁠Ro code, satutory meaning"
QB6_F#q1,MAPPING_UNVERIFIABLE_AGAINST_LIVE_FILE,MASTER-AQ-0240,Simon,not found.,manual,Explain the IP (Industrial Personnel) Code under SOLAS Chapter XV.,0.0,⁠mmsi
QB6_F#q1,MAPPING_UNVERIFIABLE_AGAINST_LIVE_FILE,MASTER-AQ-0241,Simon,not found.,manual,Explain the IP (Industrial Personnel) Code under SOLAS Chapter XV.,0.0,⁠Call sign
QB4_H#q1,MAPPING_UNVERIFIABLE_AGAINST_LIVE_FILE,MASTER-AQ-0242,Simon,Q6,"High (session-verified, direct build)",What is the AECS course and who is required to do it?,0.0,⁠official number
QB4_H#q6,MAPPING_UNVERIFIABLE_AGAINST_LIVE_FILE,MASTER-AQ-0243,Simon,Pre-existing coverage: AIS switch-off circumstances,0.85,"Under what circumstances may AIS be switched off, and what is the procedure?",0.111,⁠when you will switch of AIS
QB3_G#q1,MAPPING_UNVERIFIABLE_AGAINST_LIVE_FILE,MASTER-AQ-0244,Simon,Q2,"High (session-verified, direct build)",What is a FONAR (Fuel Oil Non-Availability Report) and when must it be filed?,0.0,⁠LATEST AMENDMENT IN IMOLEGAL COMMITTEE
QB3_G#q2,SOURCE_ASK_NOT_COVERED_BY_MAPPED_QUESTION,MASTER-AQ-0245,Simon,What is the 'Dark Fleet' (Shadow Fleet) and what safety/environmental risks does it pose?,0.9,What is the 'Dark Fleet' (Shadow Fleet) and what safety/environmental risks does it pose?,0.286,⁠DARK FLEET
QB6#q11,SOURCE_ASK_NOT_COVERED_BY_MAPPED_QUESTION,MASTER-AQ-0246,Simon,"Methanol as marine fuel — production types, flash point, safeties, and applicable codes?",1,"Methanol as marine fuel — production types, flash point, safeties, and applicable codes?",0.3,Methanol production and types
QB6#q11,SOURCE_ASK_NOT_COVERED_BY_MAPPED_QUESTION,MASTER-AQ-0247,Simon,"Methanol as marine fuel — production types, flash point, safeties, and applicable codes?",1,"Methanol as marine fuel — production types, flash point, safeties, and applicable codes?",0.3,Flash point of methanol
QB4_C#q15,SOURCE_ASK_NOT_COVERED_BY_MAPPED_QUESTION,MASTER-AQ-0249,Simon,RO Code?,1,RO Code?,0.0,Codes applicables to ship and certificates .IBC and BCH why two codes available.
QB6#q2,SOURCE_ASK_NOT_COVERED_BY_MAPPED_QUESTION,MASTER-AQ-0250,Simon,What is the GFI — how is it calculated and what is its significance? How does it differ from CII?,manual,What is the GFI — how is it calculated and what is its significance? How does it differ from CII?,0.333,GFI unit and significance of GFI.
QB6#q9,MAPPING_UNVERIFIABLE_AGAINST_LIVE_FILE,MASTER-AQ-0252,Simon,Risk vs Hazard — Difference.,manual,What are sustainable and alternative fuels in shipping? What is the difference? What is IMO's role regarding seafarers?,0.083,CII unit and difference with GFI.
QB4_H#q1,MAPPING_UNVERIFIABLE_AGAINST_LIVE_FILE,MASTER-AQ-0253,Simon,Q7,"High (session-verified, direct build)",What is the AECS course and who is required to do it?,0.0,STCW -As a chief engineer how will you decide on watchkeeping composition .(STCW CH-8)
QB4_H#q7,MAPPING_UNVERIFIABLE_AGAINST_LIVE_FILE,MASTER-AQ-0254,Simon,Pre-existing coverage: CoC vs CoP,0.85,Differentiate between a Certificate of Competency (CoC) and a Certificate of Proficiency (CoP).,0.25,Cop and Coc difference
QB4_H#q1,MAPPING_UNVERIFIABLE_AGAINST_LIVE_FILE,MASTER-AQ-0256,Simon,Q8,"High (session-verified, direct build)",What is the AECS course and who is required to do it?,0.0,casuality Investigation ?
QB4_H#q8,MAPPING_UNVERIFIABLE_AGAINST_LIVE_FILE,MASTER-AQ-0257,Simon,Pre-existing coverage: GPS/AIS jamming vs spoofing,0.85,"Explain the difference between GPS/AIS jamming and spoofing, and their implications for a Chief Engineer.",0.286,Cyber security? asked abt difference between spoofing and Jamming?
QB5_A#q1,MAPPING_UNVERIFIABLE_AGAINST_LIVE_FILE,MASTER-AQ-0258,Simon,QB5_A.html#q9,,Human Element — Why is IMO focusing on it? IMO HTW Sub-committee and its functions.,0.0,Organisational behaviour
QB4_C#q15,SOURCE_ASK_NOT_COVERED_BY_MAPPED_QUESTION,MASTER-AQ-0260,Simon,RO Code?,1,RO Code?,0.2,IP CODE? How many people required for IP code to application?
QB3_B#q8,MAPPING_UNVERIFIABLE_AGAINST_LIVE_FILE,MASTER-AQ-0261,Simon,OPRC Convention — Full form and explanation.,manual,"Describe the full drydocking process and requirements for a ship — including intervals, what inspections are carried out, and CE responsibilities.",0.077,GESAMP full form
QB3_G#q1,MAPPING_UNVERIFIABLE_AGAINST_LIVE_FILE,MASTER-AQ-0262,Simon,Q3,"High (session-verified, direct build)",What is a FONAR (Fuel Oil Non-Availability Report) and when must it be filed?,0.0,Basel convention?
QB2_B#q15,SOURCE_ASK_NOT_COVERED_BY_MAPPED_QUESTION,MASTER-AQ-0265,Nair,"Give a full overview of the IMSBC Code — scope, cargo categories (A, B, C), schedule format, and key CE responsibilities.",1,"Give a full overview of the IMSBC Code — scope, cargo categories (A, B, C), schedule format, and key CE responsibilities.",0.273,IMSBC code full
QB4_C#q15,SOURCE_ASK_NOT_COVERED_BY_MAPPED_QUESTION,MASTER-AQ-0267,Nair,RO Code?,1,RO Code?,0.25,lstest amendment in esp code
QB4_B#q13,SOURCE_ASK_NOT_COVERED_BY_MAPPED_QUESTION,MASTER-AQ-0270,Nair,What are the STCW training requirements for Junior Engineers (ratings and junior officer level) onboard?,0.8,What are the STCW training requirements for Junior Engineers (ratings and junior officer level) onboard?,0.273,junior engineer training under stcw
QB1_H#q1,MAPPING_UNVERIFIABLE_AGAINST_LIVE_FILE,MASTER-AQ-0272,Nair,Q5,"High (session-verified, direct build)",What is IACS Procedural Requirement (PR) 17 and when does it apply?,0.0,Bulk carrier built according ro what rules. Where mentioned in solas.
QB1_supplementary#q6,SOURCE_ASK_NOT_COVERED_BY_MAPPED_QUESTION,MASTER-AQ-0273,Nair,IOPP Survey preparation as 2nd Engineer — complete checklist.,High (80% fuzzy match),IOPP Survey preparation as Chief Engineer — complete checklist.,0.125,GBS complete.
QB4_E#q11,SOURCE_ASK_NOT_COVERED_BY_MAPPED_QUESTION,MASTER-AQ-0275,Nair,Class notations of your vessel — list and explain each notation.,manual,Class notations of your vessel — list and explain each notation.,0.222,⁠Class notations of last ship with explanation complete
QB3_B#q1,MAPPING_UNVERIFIABLE_AGAINST_LIVE_FILE,MASTER-AQ-0276,Nair,QB3_B.html#q8,,What is a hull survey — what does it cover and what are the requirements?,0.0,⁠Drydock complete
QB4_H#q1,MAPPING_UNVERIFIABLE_AGAINST_LIVE_FILE,MASTER-AQ-0277,Nair,Q9,"High (session-verified, direct build)",What is the AECS course and who is required to do it?,0.0,⁠ Explain all codes related to shipping in india
QB4_H#q9,MAPPING_UNVERIFIABLE_AGAINST_LIVE_FILE,MASTER-AQ-0278,Nair,Pre-existing coverage: WHO-related certificates,0.85,What ship certificates and documents relate to WHO (World Health Organization) requirements?,0.2,⁠All ship certificates related to WHO
QB3_B#q1,MAPPING_UNVERIFIABLE_AGAINST_LIVE_FILE,MASTER-AQ-0279,Nair,QB3_B.html#q9 -,,What is a hull survey — what does it cover and what are the requirements?,0.0,⁠CLASS surveys
QB6#q9,SOURCE_ASK_NOT_COVERED_BY_MAPPED_QUESTION,MASTER-AQ-0282,Nair,What are sustainable and alternative fuels in shipping? What is the difference? What is IMO's role regarding seafarers?,manual,What are sustainable and alternative fuels in shipping? What is the difference? What is IMO's role regarding seafarers?,0.091,⁠Sustainable fuel. What is meaning of sustainable.
QB7_G#q1,SOURCE_ASK_NOT_COVERED_BY_MAPPED_QUESTION,MASTER-AQ-0283,Nair,"What are e-fuels, and how do they relate to shipping's net-zero target?",manual,"What are e-fuels, and how do they relate to shipping's net-zero target?",0.286,"⁠Efuel, net zero"
QB2_A#q8,SOURCE_ASK_NOT_COVERED_BY_MAPPED_QUESTION,MASTER-AQ-0286,Rajappan,"Container deck fire &mdash; major reasons, EmS structure, and firefighting procedure.",1,"Container deck fire — major reasons, EmS structure, and firefighting procedure.",0.3,Major reason for container fire
QB2_A#q6,SOURCE_ASK_NOT_COVERED_BY_MAPPED_QUESTION,MASTER-AQ-0288,Rajappan,Recent container vessel safety developments &mdash; latest SOLAS amendments and IMO guidance.,0.83,Recent container vessel safety developments — latest SOLAS amendments and IMO guidance.,0.333,Latest solas amendments related to container vessels
QB2_A#q7,SOURCE_ASK_NOT_COVERED_BY_MAPPED_QUESTION,MASTER-AQ-0289,Rajappan,Li-ion battery fire on a container vessel &mdash; thermal runaway mechanism and CE&rsquo;s actions.,1,Li-ion battery fire on a container vessel — thermal runaway mechanism and CE's actions.,0.333,Li ion battery fire
QB9_E#q11,MAPPING_UNVERIFIABLE_AGAINST_LIVE_FILE,MASTER-AQ-0290,Rajappan,Maritime Lien — Explain.,manual,Difference Between Tort and Crime in Maritime Context,0.0,Marine spatial planning
QB9_E#q1,MAPPING_UNVERIFIABLE_AGAINST_LIVE_FILE,MASTER-AQ-0291,Rajappan,not found.,manual,TMSA,0.0,Blue economy
QB4_A#q1,MAPPING_UNVERIFIABLE_AGAINST_LIVE_FILE,MASTER-AQ-0293,Rajappan,QB4_A.html#q14,,State the objective and functional requirements of the ISM Code. What must a Safety Management System contain?,0.0,Dmlc part 1 part 2
QB10_A#q1,MAPPING_UNVERIFIABLE_AGAINST_LIVE_FILE,MASTER-AQ-0294,Rajappan,Additional verification under ISM?,manual,Describe the type of vessel you have sailed on and its key engineering features.,0.0,Amrit kal vision details
QB1_B#q21,SOURCE_ASK_NOT_COVERED_BY_MAPPED_QUESTION,MASTER-AQ-0296,Rajappan,What initiatives is IMO undertaking with respect to gender equality in the maritime industry?,manual,What initiatives is IMO undertaking with respect to gender equality in the maritime industry?,0.3,What imo is doing regarding gender equality.
QB1_B#q2,SOURCE_ASK_NOT_COVERED_BY_MAPPED_QUESTION,MASTER-AQ-0299,Nair,"What is the purpose of the P&A (Procedures and Arrangements) Manual, and who issues it?",manual,"What is the purpose of the P&A (Procedures and Arrangements) Manual, and who issues it?",0.167,⁠P&A manual details
QB4_H#q1,MAPPING_UNVERIFIABLE_AGAINST_LIVE_FILE,MASTER-AQ-0300,Nair,Q10,"High (session-verified, direct build)",What is the AECS course and who is required to do it?,0.0,⁠Type 1 chemical tanker tank washing operation and discharge criteria
QB4_C#q15,SOURCE_ASK_NOT_COVERED_BY_MAPPED_QUESTION,MASTER-AQ-0303,Nair,RO Code?,1,RO Code?,0.25,⁠Latest amendment in FSS code
QB4_H#q1,MAPPING_UNVERIFIABLE_AGAINST_LIVE_FILE,MASTER-AQ-0304,Nair,Q11,"High (session-verified, direct build)",What is the AECS course and who is required to do it?,0.0,⁠Marpol Annex 5 record books and procedure followed onboard
QB5_A#q12,SOURCE_ASK_NOT_COVERED_BY_MAPPED_QUESTION,MASTER-AQ-0306,Senthil,Root Cause Analysis / Fault Analysis Methods.,manual,Root Cause Analysis / Fault Analysis Methods.,0.222,Incident onboard - Route cause analysis - Downtime analysis
QB3_A#q5,SOURCE_ASK_NOT_COVERED_BY_MAPPED_QUESTION,MASTER-AQ-0308,Senthil,"What are the requirements for drydock planning, and what surveys coincide with a planned drydock?",manual,"What are the requirements for drydock planning, and what surveys coincide with a planned drydock?",0.3,⁠requirements of drydock period. dry dock planning for a planed drydock
QB2_B#q16,SOURCE_ASK_NOT_COVERED_BY_MAPPED_QUESTION,MASTER-AQ-0311,Senthil,What are the container test procedures? Do not limit the answer to the one-door-off test — describe the full range of structural and leakage tests car,manual,What are the container test procedures? Do not limit the answer to the one-door-off test — describe the full range of structural and leakage tests carried out on containers.,0.3,⁠container test procedures - don’t say for one door off test procedure .
QB2_A#q6,SOURCE_ASK_NOT_COVERED_BY_MAPPED_QUESTION,MASTER-AQ-0312,Senthil,Recent container vessel safety developments &mdash; latest SOLAS amendments and IMO guidance.,1,Recent container vessel safety developments — latest SOLAS amendments and IMO guidance.,0.182,⁠latest amendments in containers
QB3_G#q1,MAPPING_UNVERIFIABLE_AGAINST_LIVE_FILE,MASTER-AQ-0315,Simon,Q4,"High (session-verified, direct build)",What is a FONAR (Fuel Oil Non-Availability Report) and when must it be filed?,0.0,MEPC 84 outcomes and cross question.
QB4_E#q4,MAPPING_UNVERIFIABLE_AGAINST_LIVE_FILE,MASTER-AQ-0318,Simon,QB4_E.html#q4 - soals latest amendments - key recent amendments and when they entered into force? (the Query is latest amendments - what specific convention or code it asks is not clear-missing context),,SOLAS latest amendments — key recent amendments and when they entered into force?,0.25,Latest amendments
QB10_A#q1,MAPPING_UNVERIFIABLE_AGAINST_LIVE_FILE,MASTER-AQ-0319,Simon,"MACN — what is it, who formed it and what does it do?",manual,Describe the type of vessel you have sailed on and its key engineering features.,0.0,What is the latest thing that happened in OPEC.
QB2_G#q2,SOURCE_ASK_NOT_COVERED_BY_MAPPED_QUESTION,MASTER-AQ-0323,Simon,Why is the rescue boat typically located on the starboard side of the vessel?,manual,Why is the rescue boat typically located on the starboard side of the vessel?,0.222,Why is the rescue board located in stdb.
QB4_C#q2,SOURCE_ASK_NOT_COVERED_BY_MAPPED_QUESTION,MASTER-AQ-0326,Nair,Internal ISM audit — how to conduct step by step?,manual,Internal ISM audit — how to conduct step by step?,0.333,How will you carry out an internal audit onboard? Step by step.
QB4_C#q3,SOURCE_ASK_NOT_COVERED_BY_MAPPED_QUESTION,MASTER-AQ-0327,Nair,SOLAS Chapter XI — what does it cover?,manual,SOLAS Chapter XI — what does it cover?,0.333,SOLAS Chapter XI — what are the safety and security requirements?
QB4_C#q4,SOURCE_ASK_NOT_COVERED_BY_MAPPED_QUESTION,MASTER-AQ-0328,Nair,CSR and E-CSR — contents?,1,CSR and E-CSR — contents?,0.333,What is CSR (Continuous Synopsis Record)? Contents and purpose.
QB5_A#q5,SOURCE_ASK_NOT_COVERED_BY_MAPPED_QUESTION,MASTER-AQ-0330,Nair,Motivation of Crew — Principles of Motivation.,manual,Motivation of Crew — Principles of Motivation.,0.333,How will you motivate your crew as CE? Theories of motivation.
QB1_B#q13,SOURCE_ASK_NOT_COVERED_BY_MAPPED_QUESTION,MASTER-AQ-0334,Nair,"What is marine insurance, and how does P&I Club cover differ from other forms of insurance?",manual,"What is marine insurance, and how does P&I Club cover differ from other forms of insurance?",0.333,What is P&I Club? How does it differ from hull and machinery insurance?
QB5_C_A#q2,SOURCE_ASK_NOT_COVERED_BY_MAPPED_QUESTION,MASTER-AQ-0335,Nair,Training Chinese crew — language and culture barriers?,manual,Training Chinese crew — language and culture barriers?,0.2,"How will you train your crew as CE? If crew is Chinese, how does your approach change?"
QB1_A#q6,MAPPING_UNVERIFIABLE_AGAINST_LIVE_FILE,MASTER-AQ-0339,Nair,"Explain the HNS Convention — to whom does it apply, is it currently in force, and if an HNS-type pollution incident occurs where the convention is not",manual,HNS Convention — For whom does it apply? Is it in force? What is the HNS Protocol and HNS Fund?,0.154,"LLMC — what liabilities does it cover, for whom does it apply, and what happens when the limit is exceeded?"
QB4_C#q7,SOURCE_ASK_NOT_COVERED_BY_MAPPED_QUESTION,MASTER-AQ-0342,Srivastava,DOC cancellation — grounds?,manual,DOC cancellation — grounds?,0.25,DOC cancellation — under what specific circumstances can a DOC be cancelled?
QB3_C#q2,SOURCE_ASK_NOT_COVERED_BY_MAPPED_QUESTION,MASTER-AQ-0343,Rajappan,Oil tanker amendment package?,0.75,Oil tanker amendment package?,0.071,"Latest amendments related to oil tankers — cross questions led to STCW, MLC and SOLAS amendments."
QB3_C#q3,SOURCE_ASK_NOT_COVERED_BY_MAPPED_QUESTION,MASTER-AQ-0346,Rajappan,Hong Kong Convention — IHM three parts and CE role?,manual,Hong Kong Convention — IHM three parts and CE role?,0.231,"Hong Kong Convention — purpose, flag state duties, inventory of hazardous materials."
QB5_C_A#q6,SOURCE_ASK_NOT_COVERED_BY_MAPPED_QUESTION,MASTER-AQ-0356,Nair,"Hazard identification — HAZID, HAZOP, JSA and Risk Assessment matrix?",manual,"Hazard identification — HAZID, HAZOP, JSA and Risk Assessment matrix?",0.182,Hazard identification tools — what tools are available and when are they used?
QB4_C#q13,SOURCE_ASK_NOT_COVERED_BY_MAPPED_QUESTION,MASTER-AQ-0359,Srivastava,GISIS?,1,GISIS?,0.2,GISIS — what is it and how is it used in the maritime regulatory framework?
QB1_B#q1,MAPPING_UNVERIFIABLE_AGAINST_LIVE_FILE,MASTER-AQ-0361,Nair,"Explain the HNS Convention — to whom does it apply, is it currently in force, and if an HNS-type pollution incident occurs where the convention is not",manual,"Explain the HNS Convention — to whom does it apply, when does it enter into force, and until then what is the liability/compensation fallback (LLMC limits)?",0.25,"HNS Convention — what is HNS, liability tiers, who pays, limits."
QB1_C#q5,SOURCE_ASK_NOT_COVERED_BY_MAPPED_QUESTION,MASTER-AQ-0365,Nair,Electronic inclinometers — SOLAS mandate?,manual,Electronic inclinometers — SOLAS mandate?,0.222,Electronic inclinometers — purpose and which latest amendment mandates them?
QB8_A#q3,SOURCE_ASK_NOT_COVERED_BY_MAPPED_QUESTION,MASTER-AQ-0366,Rajappan,Liner consortium and freight rates?,manual,Liner consortium and freight rates?,0.333,Container liner consortium and liner conference — what are they?
QB8_A#q3,SOURCE_ASK_NOT_COVERED_BY_MAPPED_QUESTION,MASTER-AQ-0367,Rajappan,Liner consortium and freight rates?,manual,Liner consortium and freight rates?,0.333,How are container freight rates decided?
QB8_B#q1,MAPPING_UNVERIFIABLE_AGAINST_LIVE_FILE,MASTER-AQ-0375,Rajappan,Master's authority under ISM Code?,manual,P&A Manual (Procedures & Arrangements Manual) — contents and purpose?,0.0,Blockchain in shipping — how does it work and what are its applications?
QB4_C#q15,SOURCE_ASK_NOT_COVERED_BY_MAPPED_QUESTION,MASTER-AQ-0376,Rajappan,RO Code?,1,RO Code?,0.125,Master's review and authority under ISM Code — what does the Master review and what steps follow?
QB5_A#q15,SOURCE_ASK_NOT_COVERED_BY_MAPPED_QUESTION,MASTER-AQ-0379,Rajappan,Mentoring / Reverse Mentoring — What is Mentoring?,1,Mentoring / Reverse Mentoring — What is Mentoring?,0.286,Mentoring and reverse mentoring — difference. How will you handle a junior who reverse mentors you?
QB8_B#q4,SOURCE_ASK_NOT_COVERED_BY_MAPPED_QUESTION,MASTER-AQ-0383,Simon,High density cargo — local vs global structural strength?,manual,High density cargo — local vs global structural strength?,0.333,High density cargo — what is it? What restrictions apply?
QB4_C#q10,SOURCE_ASK_NOT_COVERED_BY_MAPPED_QUESTION,MASTER-AQ-0387,Simon,NC vs MNC?,1,NC vs MNC?,0.143,NC vs MNC — difference. Who can raise a Non-Conformity onboard?
QB8_A#q4,SOURCE_ASK_NOT_COVERED_BY_MAPPED_QUESTION,MASTER-AQ-0389,Simon,IMSBC Code groups A/B/C/MHB?,0.9,IMSBC Code groups A/B/C/MHB?,0.3,"IMSBC Code cargo types — Group A, B, C and MHB (Material Hazardous in Bulk)."
QB4_C#q15,SOURCE_ASK_NOT_COVERED_BY_MAPPED_QUESTION,MASTER-AQ-0390,Simon,RO Code?,1,RO Code?,0.0,All codes and conventions applicable to bulk carriers — list them.
QB5_C_B#q3,SOURCE_ASK_NOT_COVERED_BY_MAPPED_QUESTION,MASTER-AQ-0392,Simon,Q13: Simon — AR and VR in shipping — applications,manual,Q13: Simon — AR and VR in shipping — applications,0.25,AR and VR in shipping — augmented and virtual reality current applications.
QB1_B#q5,MAPPING_UNVERIFIABLE_AGAINST_LIVE_FILE,MASTER-AQ-0393,Simon,"Types of ship layup — explain cold layup, warm layup, and hot layup. Key differences and CE actions.",manual,What is a Continuous Synopsis Record (CSR) and what types/categories of CSR entries exist?,0.167,Two types of CSR — explain both. Difference between CSR and E-CSR.
QB1_C#q7,SOURCE_ASK_NOT_COVERED_BY_MAPPED_QUESTION,MASTER-AQ-0399,Nair,Structural damage — assessment and reporting?,0.75,Structural damage — assessment and reporting?,0.222,Structural damage — how will you assess and report as CE? Cross questions.
QB4_C#q14,SOURCE_ASK_NOT_COVERED_BY_MAPPED_QUESTION,MASTER-AQ-0401,Nair,"INTERTANKO, OCIMF and ISGOTT?",manual,"INTERTANKO, OCIMF and ISGOTT?",0.286,"INTERTANKO, OCIMF and ISSGOT — functions and cross questions."
QB8_A#q6,SOURCE_ASK_NOT_COVERED_BY_MAPPED_QUESTION,MASTER-AQ-0403,Nair,IMDG DG cargo documents?,1,IMDG DG cargo documents?,0.222,IMDG Code — key provisions and documents required for DG cargoes in containers.
QB4_C#q15,SOURCE_ASK_NOT_COVERED_BY_MAPPED_QUESTION,MASTER-AQ-0406,Nair,RO Code?,1,RO Code?,0.167,RO Code — requirements for Recognised Organisations as per flag state.
QB2_B#q8,SOURCE_ASK_NOT_COVERED_BY_MAPPED_QUESTION,MASTER-AQ-0410,Nair,"When a container fire occurs, how do you use the UN number to identify cargo-specific hazard symptoms, and how does this affect your firefighting appr",manual,"When a container fire occurs, how do you use the UN number to identify cargo-specific hazard symptoms, and how does this affect your firefighting approach?",0.25,Container fire — cargo unknown. How will you fight the fire? What is your approach as CE?
QB4_C#q15,SOURCE_ASK_NOT_COVERED_BY_MAPPED_QUESTION,MASTER-AQ-0417,Nair,RO Code?,1,RO Code?,0.111,Why is class required? (Deep cross — went into RO Code and flag state delegation)
QB1_B#q2,MAPPING_UNVERIFIABLE_AGAINST_LIVE_FILE,MASTER-AQ-0437,Nair,COF — contents and who issues it?,manual,"What is the purpose of the P&A (Procedures and Arrangements) Manual, and who issues it?",0.1,"P&A Manual and Certificate of Fitness — what is the P&A Manual, its contents, and how does the COF relate?"
QB9_F#q3,MAPPING_UNVERIFIABLE_AGAINST_LIVE_FILE,MASTER-AQ-0447,Senthil,,manual,Machinery Breakdown Insurance Claims,0.273,Machinery breakdown goes for insurance claim — what documents/records will be accepted and where do you record it?
QB4_C#q15,SOURCE_ASK_NOT_COVERED_BY_MAPPED_QUESTION,MASTER-AQ-0456,Simon,RO Code?,1,RO Code?,0.167,ISM Code elements — list all 12 elements and explain the key ones.
QB4_C#q15,SOURCE_ASK_NOT_COVERED_BY_MAPPED_QUESTION,MASTER-AQ-0458,Simon,RO Code?,1,RO Code?,0.167,How is continuous improvement achieved under ISM Code?
QB9_F#q1,MAPPING_UNVERIFIABLE_AGAINST_LIVE_FILE,MASTER-AQ-0465,Simon,Off-hire clause in a charter party — when does it apply and what are the implications for the CE?,manual,Uniform Law and Conflict of Law in Maritime Context,0.0,Fraudulent registration of ships — what is it and what are the consequences?
QB5_E#q4,SOURCE_ASK_NOT_COVERED_BY_MAPPED_QUESTION,MASTER-AQ-0485,Simon,"MACN — what is it, who formed it and what does it do?",1,"MACN — what is it, who formed it and what does it do?",0.333,"MACN (Maritime Anti-Corruption Network) — what is it, who formed it and what does it do?"
QB5_E#q5,SOURCE_ASK_NOT_COVERED_BY_MAPPED_QUESTION,MASTER-AQ-0486,Simon,Day of the Seafarer — what is this year's theme and its relevance to your role?,manual,Day of the Seafarer — what is this year's theme and its relevance to your role?,0.2,International Seafarers Day 2026 — what is the slogan/theme?
QB4_C#q15,SOURCE_ASK_NOT_COVERED_BY_MAPPED_QUESTION,MASTER-AQ-0490,Simon,RO Code?,1,RO Code?,0.0,"PSC — appeal process, codes involved, and process after detention."
QB4_B#q19,SOURCE_ASK_NOT_COVERED_BY_MAPPED_QUESTION,MASTER-AQ-0498,Simon,"In what circumstances would you switch off AIS, and who authorises this decision? How does this apply in a war zone scenario?",manual,"In what circumstances would you switch off AIS, and who authorises this decision? How does this apply in a war zone scenario?",0.125,"AIS — which equipment are connected to AIS, can AIS be switched off, and what is the range of AIS?"
QB1_A#q23,SOURCE_ASK_NOT_COVERED_BY_MAPPED_QUESTION,MASTER-AQ-0499,Simon,Hot Pursuit — Definition and conditions required.,manual,Hot Pursuit — Definition and conditions required.,0.25,Hot pursuit criteria — what conditions must be met to invoke right of hot pursuit under UNCLOS?
QB1_A#q21,MAPPING_UNVERIFIABLE_AGAINST_LIVE_FILE,MASTER-AQ-0501,Simon,Coastal state duties — obligations under UNCLOS?,manual,Innocent Passage under UNCLOS — Explain.,0.25,What offences justify hot pursuit under UNCLOS?
QB7_E#q3,SOURCE_ASK_NOT_COVERED_BY_MAPPED_QUESTION,MASTER-AQ-0512,Simon,Why is the IGF Code required?,1,Why is the IGF Code required?,0.273,"Low flashpoint fuels — where are they used without requiring the IGF Code, and why is IGF not required there?"
QB9_D#q9,SOURCE_ASK_NOT_COVERED_BY_MAPPED_QUESTION,MASTER-AQ-0516,Simon,Act vs rule — difference in Indian legal context with maritime examples?,manual,Act vs rule — difference in Indian legal context with maritime examples?,0.231,Rules vs Regulations vs Act — difference between these legal instruments.
QB1_A#q27,SOURCE_ASK_NOT_COVERED_BY_MAPPED_QUESTION,MASTER-AQ-0521,Nair,Hague-Visby Rules — Explain.,1,Hague-Visby Rules — Explain.,0.333,"COGSA 1925 (India) — full details, relation to Hague Rules and Hague-Visby Rules."
QB9_F#q1,MAPPING_UNVERIFIABLE_AGAINST_LIVE_FILE,MASTER-AQ-0529,Simon,CAS and CAP — detailed comparison and application for senior engineers.,manual,Uniform Law and Conflict of Law in Maritime Context,0.1,Cabotage law — explain and its application to Indian coastal trade.
QB3_C#q1,SOURCE_ASK_NOT_COVERED_BY_MAPPED_QUESTION,MASTER-AQ-0534,Nair,MARPOL Annex V latest amendments?,High (86% fuzzy match),MARPOL Annex V latest amendments?,0.188,"What are the latest SOLAS and MARPOL amendments that entered into force specifically in 2026, including the bunker fuel flash point amendment?"
QB1_supplementary#q4,SOURCE_ASK_NOT_COVERED_BY_MAPPED_QUESTION,MASTER-AQ-0536,Nair,Explain the CMS (Continuous Machinery Survey) scope. What can the CE survey? What must class surveyors survey? What is NOT covered by CMS?,High (88% fuzzy match),Explain the CMS (Continuous Machinery Survey) scope. What can the CE survey? What must class surveyors survey? What is NOT covered by CMS?,0.083,CAP survey — explain.
QB1_G#q32,SOURCE_ASK_NOT_COVERED_BY_MAPPED_QUESTION,MASTER-AQ-0539,Simon,Empanelment of salvors. ( ms notice 1 of 202),0.9,Empanelment of salvors. ( ms notice 1 of 202),0.222,"Empanelment of salvors circular — who issues it, what is its current name, and is it in force?"
QB6#q14,SOURCE_ASK_NOT_COVERED_BY_MAPPED_QUESTION,MASTER-AQ-0559,Nair,What is EU MRV and how does it differ from IMO DCS?,High (82% fuzzy match),What is EU MRV and how does it differ from IMO DCS?,0.091,SMPEP (Shipboard Marine Pollution Emergency Plan) — what is it and how does it differ from SOPEP?
