source_node_key,alias_type,alias_value,source
meoclass1/oralnotes/miw-notes-mgmt-p1.html#topic-1,badge,Topic 1,rendered:topic-badge
meoclass1/oralnotes/miw-notes-mgmt-p1.html#topic-1,toc,T1,rendered:toc-link
meoclass1/oralnotes/miw-notes-mgmt-p1.html#topic-1,version,T1,rendered:topic-version
meoclass1/oralnotes/miw-notes-mgmt-p1.html#topic-1,phase1a_key,U-P01-T01,Phase 1A U-Pnn-Tnn back-reference (POST31-CA1 UDAY_TOPIC_REFRESH_a0cc21e_20261008.csv)
meoclass1/oralnotes/miw-notes-mgmt-p1.html#topic-2,badge,Topic 2,rendered:topic-badge
meoclass1/oralnotes/miw-notes-mgmt-p1.html#topic-2,toc,T2,rendered:toc-link
meoclass1/oralnotes/miw-notes-mgmt-p1.html#topic-2,version,T2,rendered:topic-version
meoclass1/oralnotes/miw-notes-mgmt-p1.html#topic-2,phase1a_key,U-P01-T02,Phase 1A U-Pnn-Tnn back-reference (POST31-CA1 UDAY_TOPIC_REFRESH_a0cc21e_20261008.csv)
meoclass1/oralnotes/miw-notes-mgmt-p1.html#topic-3,badge,Topic 3,rendered:topic-badge
meoclass1/oralnotes/miw-notes-mgmt-p1.html#topic-3,toc,T3,rendered:toc-link
meoclass1/oralnotes/miw-notes-mgmt-p1.html#topic-3,version,T3,rendered:topic-version
meoclass1/oralnotes/miw-notes-mgmt-p1.html#topic-3,phase1a_key,U-P01-T03,Phase 1A U-Pnn-Tnn back-reference (POST31-CA1 UDAY_TOPIC_REFRESH_a0cc21e_20261008.csv)
meoclass1/oralnotes/miw-notes-mgmt-p1.html#topic-4,badge,Topic 4,rendered:topic-badge
meoclass1/oralnotes/miw-notes-mgmt-p1.html#topic-4,toc,T4,rendered:toc-link
meoclass1/oralnotes/miw-notes-mgmt-p1.html#topic-4,version,T4,rendered:topic-version
meoclass1/oralnotes/miw-notes-mgmt-p1.html#topic-4,phase1a_key,U-P01-T04,Phase 1A U-Pnn-Tnn back-reference (POST31-CA1 UDAY_TOPIC_REFRESH_a0cc21e_20261008.csv)
meoclass1/oralnotes/miw-notes-mgmt-p1.html#topic-5,badge,Topic 5,rendered:topic-badge
meoclass1/oralnotes/miw-notes-mgmt-p1.html#topic-5,toc,T5,rendered:toc-link
meoclass1/oralnotes/miw-notes-mgmt-p1.html#topic-5,version,T5,rendered:topic-version
meoclass1/oralnotes/miw-notes-mgmt-p1.html#topic-5,phase1a_key,U-P01-T05,Phase 1A U-Pnn-Tnn back-reference (POST31-CA1 UDAY_TOPIC_REFRESH_a0cc21e_20261008.csv)
meoclass1/oralnotes/miw-notes-mgmt-p1.html#topic-6,badge,Topic 6,rendered:topic-badge
meoclass1/oralnotes/miw-notes-mgmt-p1.html#topic-6,toc,T6,rendered:toc-link
meoclass1/oralnotes/miw-notes-mgmt-p1.html#topic-6,version,T6,rendered:topic-version
meoclass1/oralnotes/miw-notes-mgmt-p1.html#topic-6,phase1a_key,U-P01-T06,Phase 1A U-Pnn-Tnn back-reference (POST31-CA1 UDAY_TOPIC_REFRESH_a0cc21e_20261008.csv)
meoclass1/oralnotes/miw-notes-mgmt-p2.html#topic-7,badge,Topic 7,rendered:topic-badge
meoclass1/oralnotes/miw-notes-mgmt-p2.html#topic-7,toc,T7,rendered:toc-link
meoclass1/oralnotes/miw-notes-mgmt-p2.html#topic-7,version,T7,rendered:topic-version
meoclass1/oralnotes/miw-notes-mgmt-p2.html#topic-7,phase1a_key,U-P02-T07,Phase 1A U-Pnn-Tnn back-reference (POST31-CA1 UDAY_TOPIC_REFRESH_a0cc21e_20261008.csv)
meoclass1/oralnotes/miw-notes-mgmt-p2.html#topic-8,badge,Topic 8,rendered:topic-badge
meoclass1/oralnotes/miw-notes-mgmt-p2.html#topic-8,toc,T8,rendered:toc-link
meoclass1/oralnotes/miw-notes-mgmt-p2.html#topic-8,version,T8,rendered:topic-version
meoclass1/oralnotes/miw-notes-mgmt-p2.html#topic-8,phase1a_key,U-P02-T08,Phase 1A U-Pnn-Tnn back-reference (POST31-CA1 UDAY_TOPIC_REFRESH_a0cc21e_20261008.csv)
meoclass1/oralnotes/miw-notes-mgmt-p2.html#topic-9,badge,Topic 9,rendered:topic-badge
meoclass1/oralnotes/miw-notes-mgmt-p2.html#topic-9,toc,T9,rendered:toc-link
meoclass1/oralnotes/miw-notes-mgmt-p2.html#topic-9,version,T9,rendered:topic-version
meoclass1/oralnotes/miw-notes-mgmt-p2.html#topic-9,phase1a_key,U-P02-T09,Phase 1A U-Pnn-Tnn back-reference (POST31-CA1 UDAY_TOPIC_REFRESH_a0cc21e_20261008.csv)
meoclass1/oralnotes/miw-notes-mgmt-p2.html#topic-10,badge,Topic 10,rendered:topic-badge
meoclass1/oralnotes/miw-notes-mgmt-p2.html#topic-10,toc,T10,rendered:toc-link
meoclass1/oralnotes/miw-notes-mgmt-p2.html#topic-10,version,T10,rendered:topic-version
meoclass1/oralnotes/miw-notes-mgmt-p2.html#topic-10,phase1a_key,U-P02-T10,Phase 1A U-Pnn-Tnn back-reference (POST31-CA1 UDAY_TOPIC_REFRESH_a0cc21e_20261008.csv)
meoclass1/oralnotes/miw-notes-mgmt-p3.html#topic-11,badge,Topic 11,rendered:topic-badge
meoclass1/oralnotes/miw-notes-mgmt-p3.html#topic-11,toc,T11,rendered:toc-link
meoclass1/oralnotes/miw-notes-mgmt-p3.html#topic-11,version,T11,rendered:topic-version
meoclass1/oralnotes/miw-notes-mgmt-p3.html#topic-11,phase1a_key,U-P03-T11,Phase 1A U-Pnn-Tnn back-reference (POST31-CA1 UDAY_TOPIC_REFRESH_a0cc21e_20261008.csv)
meoclass1/oralnotes/miw-notes-mgmt-p3.html#topic-12,badge,Topic 12,rendered:topic-badge
meoclass1/oralnotes/miw-notes-mgmt-p3.html#topic-12,toc,T12,rendered:toc-link
meoclass1/oralnotes/miw-notes-mgmt-p3.html#topic-12,version,T12,rendered:topic-version
meoclass1/oralnotes/miw-notes-mgmt-p3.html#topic-12,phase1a_key,U-P03-T12,Phase 1A U-Pnn-Tnn back-reference (POST31-CA1 UDAY_TOPIC_REFRESH_a0cc21e_20261008.csv)
meoclass1/oralnotes/miw-notes-mgmt-p3.html#topic-13,badge,Topic 13,rendered:topic-badge
meoclass1/oralnotes/miw-notes-mgmt-p3.html#topic-13,toc,T13,rendered:toc-link
meoclass1/oralnotes/miw-notes-mgmt-p3.html#topic-13,version,T13,rendered:topic-version
meoclass1/oralnotes/miw-notes-mgmt-p3.html#topic-13,phase1a_key,U-P03-T13,Phase 1A U-Pnn-Tnn back-reference (POST31-CA1 UDAY_TOPIC_REFRESH_a0cc21e_20261008.csv)
meoclass1/oralnotes/miw-notes-mgmt-p3.html#topic-14,badge,Topic 14,rendered:topic-badge
meoclass1/oralnotes/miw-notes-mgmt-p3.html#topic-14,toc,T14,rendered:toc-link
meoclass1/oralnotes/miw-notes-mgmt-p3.html#topic-14,version,T14,rendered:topic-version
meoclass1/oralnotes/miw-notes-mgmt-p3.html#topic-14,phase1a_key,U-P03-T14,Phase 1A U-Pnn-Tnn back-reference (POST31-CA1 UDAY_TOPIC_REFRESH_a0cc21e_20261008.csv)
meoclass1/oralnotes/miw-notes-mgmt-p3.html#topic-15,badge,Topic 15,rendered:topic-badge
meoclass1/oralnotes/miw-notes-mgmt-p3.html#topic-15,toc,T15,rendered:toc-link
meoclass1/oralnotes/miw-notes-mgmt-p3.html#topic-15,version,T15,rendered:topic-version
meoclass1/oralnotes/miw-notes-mgmt-p3.html#topic-15,phase1a_key,U-P03-T15,Phase 1A U-Pnn-Tnn back-reference (POST31-CA1 UDAY_TOPIC_REFRESH_a0cc21e_20261008.csv)
meoclass1/oralnotes/miw-notes-mgmt-p4.html#topic-16,badge,Topic 16,rendered:topic-badge
meoclass1/oralnotes/miw-notes-mgmt-p4.html#topic-16,toc,T16,rendered:toc-link
meoclass1/oralnotes/miw-notes-mgmt-p4.html#topic-16,version,T16,rendered:topic-version
meoclass1/oralnotes/miw-notes-mgmt-p4.html#topic-16,phase1a_key,U-P04-T16,Phase 1A U-Pnn-Tnn back-reference (POST31-CA1 UDAY_TOPIC_REFRESH_a0cc21e_20261008.csv)
meoclass1/oralnotes/miw-notes-mgmt-p4.html#topic-17,badge,Topic 17,rendered:topic-badge
meoclass1/oralnotes/miw-notes-mgmt-p4.html#topic-17,toc,T17,rendered:toc-link
meoclass1/oralnotes/miw-notes-mgmt-p4.html#topic-17,version,T17,rendered:topic-version
meoclass1/oralnotes/miw-notes-mgmt-p4.html#topic-17,phase1a_key,U-P04-T17,Phase 1A U-Pnn-Tnn back-reference (POST31-CA1 UDAY_TOPIC_REFRESH_a0cc21e_20261008.csv)
meoclass1/oralnotes/miw-notes-mgmt-p4.html#topic-18,badge,Topic 18,rendered:topic-badge
meoclass1/oralnotes/miw-notes-mgmt-p4.html#topic-18,toc,T18,rendered:toc-link
meoclass1/oralnotes/miw-notes-mgmt-p4.html#topic-18,version,T18,rendered:topic-version
meoclass1/oralnotes/miw-notes-mgmt-p4.html#topic-18,phase1a_key,U-P04-T18,Phase 1A U-Pnn-Tnn back-reference (POST31-CA1 UDAY_TOPIC_REFRESH_a0cc21e_20261008.csv)
meoclass1/oralnotes/miw-notes-mgmt-p4.html#topic-19,badge,Topic 19,rendered:topic-badge
meoclass1/oralnotes/miw-notes-mgmt-p4.html#topic-19,toc,T19,rendered:toc-link
meoclass1/oralnotes/miw-notes-mgmt-p4.html#topic-19,version,T19,rendered:topic-version
meoclass1/oralnotes/miw-notes-mgmt-p4.html#topic-19,phase1a_key,U-P04-T19,Phase 1A U-Pnn-Tnn back-reference (POST31-CA1 UDAY_TOPIC_REFRESH_a0cc21e_20261008.csv)
meoclass1/oralnotes/miw-notes-mgmt-p4.html#topic-20,badge,Topic 20,rendered:topic-badge
meoclass1/oralnotes/miw-notes-mgmt-p4.html#topic-20,toc,T20,rendered:toc-link
meoclass1/oralnotes/miw-notes-mgmt-p4.html#topic-20,version,T20,rendered:topic-version
meoclass1/oralnotes/miw-notes-mgmt-p4.html#topic-20,phase1a_key,U-P04-T20,Phase 1A U-Pnn-Tnn back-reference (POST31-CA1 UDAY_TOPIC_REFRESH_a0cc21e_20261008.csv)
meoclass1/oralnotes/miw-notes-mgmt-p5.html#topic-21,badge,Topic 21,rendered:topic-badge
meoclass1/oralnotes/miw-notes-mgmt-p5.html#topic-21,toc,T21,rendered:toc-link
meoclass1/oralnotes/miw-notes-mgmt-p5.html#topic-21,version,T21,rendered:topic-version
meoclass1/oralnotes/miw-notes-mgmt-p5.html#topic-21,phase1a_key,U-P05-T21,Phase 1A U-Pnn-Tnn back-reference (POST31-CA1 UDAY_TOPIC_REFRESH_a0cc21e_20261008.csv)
meoclass1/oralnotes/miw-notes-mgmt-p5.html#topic-22,badge,Topic 22,rendered:topic-badge
meoclass1/oralnotes/miw-notes-mgmt-p5.html#topic-22,toc,T22,rendered:toc-link
meoclass1/oralnotes/miw-notes-mgmt-p5.html#topic-22,version,T22,rendered:topic-version
meoclass1/oralnotes/miw-notes-mgmt-p5.html#topic-22,phase1a_key,U-P05-T22,Phase 1A U-Pnn-Tnn back-reference (POST31-CA1 UDAY_TOPIC_REFRESH_a0cc21e_20261008.csv)
meoclass1/oralnotes/miw-notes-mgmt-p5.html#topic-23,badge,Topic 23,rendered:topic-badge
meoclass1/oralnotes/miw-notes-mgmt-p5.html#topic-23,toc,T23,rendered:toc-link
meoclass1/oralnotes/miw-notes-mgmt-p5.html#topic-23,version,T23,rendered:topic-version
meoclass1/oralnotes/miw-notes-mgmt-p5.html#topic-23,phase1a_key,U-P05-T23,Phase 1A U-Pnn-Tnn back-reference (POST31-CA1 UDAY_TOPIC_REFRESH_a0cc21e_20261008.csv)
meoclass1/oralnotes/miw-notes-mgmt-p5.html#topic-24,badge,Topic 24,rendered:topic-badge
meoclass1/oralnotes/miw-notes-mgmt-p5.html#topic-24,toc,T24,rendered:toc-link
meoclass1/oralnotes/miw-notes-mgmt-p5.html#topic-24,version,T24,rendered:topic-version
meoclass1/oralnotes/miw-notes-mgmt-p5.html#topic-24,phase1a_key,U-P05-T24,Phase 1A U-Pnn-Tnn back-reference (POST31-CA1 UDAY_TOPIC_REFRESH_a0cc21e_20261008.csv)
meoclass1/oralnotes/miw-notes-mgmt-p5.html#topic-25,badge,Topic 25,rendered:topic-badge
meoclass1/oralnotes/miw-notes-mgmt-p5.html#topic-25,toc,T25,rendered:toc-link
meoclass1/oralnotes/miw-notes-mgmt-p5.html#topic-25,version,T25,rendered:topic-version
meoclass1/oralnotes/miw-notes-mgmt-p5.html#topic-25,phase1a_key,U-P05-T25,Phase 1A U-Pnn-Tnn back-reference (POST31-CA1 UDAY_TOPIC_REFRESH_a0cc21e_20261008.csv)
meoclass1/oralnotes/miw-notes-mgmt-p5.html#topic-26,badge,Topic 26,rendered:topic-badge
meoclass1/oralnotes/miw-notes-mgmt-p5.html#topic-26,toc,T26,rendered:toc-link
meoclass1/oralnotes/miw-notes-mgmt-p5.html#topic-26,version,T26,rendered:topic-version
meoclass1/oralnotes/miw-notes-mgmt-p5.html#topic-26,phase1a_key,U-P05-T26,Phase 1A U-Pnn-Tnn back-reference (POST31-CA1 UDAY_TOPIC_REFRESH_a0cc21e_20261008.csv)
meoclass1/oralnotes/miw-notes-mgmt-p6.html#topic-27,badge,Topic 27,rendered:topic-badge
meoclass1/oralnotes/miw-notes-mgmt-p6.html#topic-27,toc,T27,rendered:toc-link
meoclass1/oralnotes/miw-notes-mgmt-p6.html#topic-27,version,T27,rendered:topic-version
meoclass1/oralnotes/miw-notes-mgmt-p6.html#topic-27,phase1a_key,U-P06-T27,Phase 1A U-Pnn-Tnn back-reference (POST31-CA1 UDAY_TOPIC_REFRESH_a0cc21e_20261008.csv)
meoclass1/oralnotes/miw-notes-mgmt-p6.html#topic-28,badge,Topic 28,rendered:topic-badge
meoclass1/oralnotes/miw-notes-mgmt-p6.html#topic-28,toc,T28,rendered:toc-link
meoclass1/oralnotes/miw-notes-mgmt-p6.html#topic-28,version,T28,rendered:topic-version
meoclass1/oralnotes/miw-notes-mgmt-p6.html#topic-28,phase1a_key,U-P06-T28,Phase 1A U-Pnn-Tnn back-reference (POST31-CA1 UDAY_TOPIC_REFRESH_a0cc21e_20261008.csv)
meoclass1/oralnotes/miw-notes-mgmt-p6.html#topic-29,badge,Topic 29,rendered:topic-badge
meoclass1/oralnotes/miw-notes-mgmt-p6.html#topic-29,toc,T29,rendered:toc-link
meoclass1/oralnotes/miw-notes-mgmt-p6.html#topic-29,version,T29,rendered:topic-version
meoclass1/oralnotes/miw-notes-mgmt-p6.html#topic-29,phase1a_key,U-P06-T29,Phase 1A U-Pnn-Tnn back-reference (POST31-CA1 UDAY_TOPIC_REFRESH_a0cc21e_20261008.csv)
meoclass1/oralnotes/miw-notes-mgmt-p7.html#topic-30,badge,Topic 30,rendered:topic-badge
meoclass1/oralnotes/miw-notes-mgmt-p7.html#topic-30,toc,T30,rendered:toc-link
meoclass1/oralnotes/miw-notes-mgmt-p7.html#topic-30,version,T30,rendered:topic-version
meoclass1/oralnotes/miw-notes-mgmt-p7.html#topic-30,phase1a_key,U-P07-T30,Phase 1A U-Pnn-Tnn back-reference (POST31-CA1 UDAY_TOPIC_REFRESH_a0cc21e_20261008.csv)
meoclass1/oralnotes/miw-notes-mgmt-p7.html#topic-31,badge,Topic 31,rendered:topic-badge
meoclass1/oralnotes/miw-notes-mgmt-p7.html#topic-31,toc,T31,rendered:toc-link
meoclass1/oralnotes/miw-notes-mgmt-p7.html#topic-31,version,T31,rendered:topic-version
meoclass1/oralnotes/miw-notes-mgmt-p7.html#topic-31,phase1a_key,U-P07-T31,Phase 1A U-Pnn-Tnn back-reference (POST31-CA1 UDAY_TOPIC_REFRESH_a0cc21e_20261008.csv)
meoclass1/oralnotes/miw-notes-mgmt-p7.html#topic-32,badge,Topic 32,rendered:topic-badge
meoclass1/oralnotes/miw-notes-mgmt-p7.html#topic-32,toc,T32,rendered:toc-link
meoclass1/oralnotes/miw-notes-mgmt-p7.html#topic-32,version,T32,rendered:topic-version
meoclass1/oralnotes/miw-notes-mgmt-p7.html#topic-32,phase1a_key,U-P07-T32,Phase 1A U-Pnn-Tnn back-reference (POST31-CA1 UDAY_TOPIC_REFRESH_a0cc21e_20261008.csv)
meoclass1/oralnotes/miw-notes-mgmt-p8.html#topic-33,badge,Topic 33,rendered:topic-badge
meoclass1/oralnotes/miw-notes-mgmt-p8.html#topic-33,toc,T33,rendered:toc-link
meoclass1/oralnotes/miw-notes-mgmt-p8.html#topic-33,version,T33,rendered:topic-version
meoclass1/oralnotes/miw-notes-mgmt-p8.html#topic-33,phase1a_key,U-P08-T33,Phase 1A U-Pnn-Tnn back-reference (POST31-CA1 UDAY_TOPIC_REFRESH_a0cc21e_20261008.csv)
meoclass1/oralnotes/miw-notes-mgmt-p8.html#topic-34,badge,Topic 34,rendered:topic-badge
meoclass1/oralnotes/miw-notes-mgmt-p8.html#topic-34,toc,T34,rendered:toc-link
meoclass1/oralnotes/miw-notes-mgmt-p8.html#topic-34,version,T34,rendered:topic-version
meoclass1/oralnotes/miw-notes-mgmt-p8.html#topic-34,phase1a_key,U-P08-T34,Phase 1A U-Pnn-Tnn back-reference (POST31-CA1 UDAY_TOPIC_REFRESH_a0cc21e_20261008.csv)
meoclass1/oralnotes/miw-notes-mgmt-p8.html#topic-35,badge,Topic 35,rendered:topic-badge
meoclass1/oralnotes/miw-notes-mgmt-p8.html#topic-35,toc,T35,rendered:toc-link
meoclass1/oralnotes/miw-notes-mgmt-p8.html#topic-35,version,T35,rendered:topic-version
meoclass1/oralnotes/miw-notes-mgmt-p8.html#topic-35,phase1a_key,U-P08-T35,Phase 1A U-Pnn-Tnn back-reference (POST31-CA1 UDAY_TOPIC_REFRESH_a0cc21e_20261008.csv)
meoclass1/oralnotes/miw-notes-mgmt-p8.html#topic-36,badge,Topic 36,rendered:topic-badge
meoclass1/oralnotes/miw-notes-mgmt-p8.html#topic-36,toc,T36,rendered:toc-link
meoclass1/oralnotes/miw-notes-mgmt-p8.html#topic-36,version,T36,rendered:topic-version
meoclass1/oralnotes/miw-notes-mgmt-p8.html#topic-36,phase1a_key,U-P08-T36,Phase 1A U-Pnn-Tnn back-reference (POST31-CA1 UDAY_TOPIC_REFRESH_a0cc21e_20261008.csv)
meoclass1/oralnotes/miw-notes-mgmt-p9.html#topic-37,badge,Topic 37,rendered:topic-badge
meoclass1/oralnotes/miw-notes-mgmt-p9.html#topic-37,toc,T37,rendered:toc-link
meoclass1/oralnotes/miw-notes-mgmt-p9.html#topic-37,version,T37,rendered:topic-version
meoclass1/oralnotes/miw-notes-mgmt-p9.html#topic-37,phase1a_key,U-P09-T37,Phase 1A U-Pnn-Tnn back-reference (POST31-CA1 UDAY_TOPIC_REFRESH_a0cc21e_20261008.csv)
meoclass1/oralnotes/miw-notes-mgmt-p9.html#topic-38,badge,Topic 38,rendered:topic-badge
meoclass1/oralnotes/miw-notes-mgmt-p9.html#topic-38,toc,T38,rendered:toc-link
meoclass1/oralnotes/miw-notes-mgmt-p9.html#topic-38,version,T38,rendered:topic-version
meoclass1/oralnotes/miw-notes-mgmt-p9.html#topic-38,phase1a_key,U-P09-T38,Phase 1A U-Pnn-Tnn back-reference (POST31-CA1 UDAY_TOPIC_REFRESH_a0cc21e_20261008.csv)
meoclass1/oralnotes/miw-notes-mgmt-p9.html#topic-39,badge,Topic 39,rendered:topic-badge
meoclass1/oralnotes/miw-notes-mgmt-p9.html#topic-39,toc,T39,rendered:toc-link
meoclass1/oralnotes/miw-notes-mgmt-p9.html#topic-39,version,T39,rendered:topic-version
meoclass1/oralnotes/miw-notes-mgmt-p9.html#topic-39,phase1a_key,U-P09-T39,Phase 1A U-Pnn-Tnn back-reference (POST31-CA1 UDAY_TOPIC_REFRESH_a0cc21e_20261008.csv)
meoclass1/oralnotes/miw-notes-mgmt-p9.html#topic-40,badge,Topic 40,rendered:topic-badge
meoclass1/oralnotes/miw-notes-mgmt-p9.html#topic-40,toc,T40,rendered:toc-link
meoclass1/oralnotes/miw-notes-mgmt-p9.html#topic-40,version,T40,rendered:topic-version
meoclass1/oralnotes/miw-notes-mgmt-p9.html#topic-40,phase1a_key,U-P09-T40,Phase 1A U-Pnn-Tnn back-reference (POST31-CA1 UDAY_TOPIC_REFRESH_a0cc21e_20261008.csv)
meoclass1/oralnotes/miw-notes-mgmt-p9.html#topic-41,badge,Topic 41,rendered:topic-badge
meoclass1/oralnotes/miw-notes-mgmt-p9.html#topic-41,toc,T41,rendered:toc-link
meoclass1/oralnotes/miw-notes-mgmt-p9.html#topic-41,version,T41,rendered:topic-version
meoclass1/oralnotes/miw-notes-mgmt-p9.html#topic-41,phase1a_key,U-P09-T41,Phase 1A U-Pnn-Tnn back-reference (POST31-CA1 UDAY_TOPIC_REFRESH_a0cc21e_20261008.csv)
meoclass1/oralnotes/miw-notes-mgmt-p10.html#topic-42,badge,Topic 42,rendered:topic-badge
meoclass1/oralnotes/miw-notes-mgmt-p10.html#topic-42,toc,T42,rendered:toc-link
meoclass1/oralnotes/miw-notes-mgmt-p10.html#topic-42,version,T42,rendered:topic-version
meoclass1/oralnotes/miw-notes-mgmt-p10.html#topic-42,phase1a_key,U-P10-T42,Phase 1A U-Pnn-Tnn back-reference (POST31-CA1 UDAY_TOPIC_REFRESH_a0cc21e_20261008.csv)
meoclass1/oralnotes/miw-notes-mgmt-p10.html#topic-43,badge,Topic 43,rendered:topic-badge
meoclass1/oralnotes/miw-notes-mgmt-p10.html#topic-43,toc,T43,rendered:toc-link
meoclass1/oralnotes/miw-notes-mgmt-p10.html#topic-43,version,T43,rendered:topic-version
meoclass1/oralnotes/miw-notes-mgmt-p10.html#topic-43,phase1a_key,U-P10-T43,Phase 1A U-Pnn-Tnn back-reference (POST31-CA1 UDAY_TOPIC_REFRESH_a0cc21e_20261008.csv)
meoclass1/oralnotes/miw-notes-mgmt-p10.html#topic-44,badge,Topic 44,rendered:topic-badge
meoclass1/oralnotes/miw-notes-mgmt-p10.html#topic-44,toc,T44,rendered:toc-link
meoclass1/oralnotes/miw-notes-mgmt-p10.html#topic-44,version,T44,rendered:topic-version
meoclass1/oralnotes/miw-notes-mgmt-p10.html#topic-44,phase1a_key,U-P10-T44,Phase 1A U-Pnn-Tnn back-reference (POST31-CA1 UDAY_TOPIC_REFRESH_a0cc21e_20261008.csv)
meoclass1/oralnotes/miw-notes-mgmt-p10.html#topic-45,badge,Topic 45,rendered:topic-badge
meoclass1/oralnotes/miw-notes-mgmt-p10.html#topic-45,toc,T45,rendered:toc-link
meoclass1/oralnotes/miw-notes-mgmt-p10.html#topic-45,version,T45,rendered:topic-version
meoclass1/oralnotes/miw-notes-mgmt-p10.html#topic-45,phase1a_key,U-P10-T45,Phase 1A U-Pnn-Tnn back-reference (POST31-CA1 UDAY_TOPIC_REFRESH_a0cc21e_20261008.csv)
meoclass1/oralnotes/miw-notes-mgmt-p10.html#topic-46,badge,Topic 46,rendered:topic-badge
meoclass1/oralnotes/miw-notes-mgmt-p10.html#topic-46,toc,T46,rendered:toc-link
meoclass1/oralnotes/miw-notes-mgmt-p10.html#topic-46,version,T46,rendered:topic-version
meoclass1/oralnotes/miw-notes-mgmt-p10.html#topic-46,phase1a_key,U-P10-T46,Phase 1A U-Pnn-Tnn back-reference (POST31-CA1 UDAY_TOPIC_REFRESH_a0cc21e_20261008.csv)
meoclass1/oralnotes/miw-notes-mgmt-p11.html#topic-47,badge,Topic 47,rendered:topic-badge
meoclass1/oralnotes/miw-notes-mgmt-p11.html#topic-47,toc,T47,rendered:toc-link
meoclass1/oralnotes/miw-notes-mgmt-p11.html#topic-47,version,T47,rendered:topic-version
meoclass1/oralnotes/miw-notes-mgmt-p11.html#topic-47,phase1a_key,U-P11-T47,Phase 1A U-Pnn-Tnn back-reference (POST31-CA1 UDAY_TOPIC_REFRESH_a0cc21e_20261008.csv)
meoclass1/oralnotes/miw-notes-mgmt-p11.html#topic-48,badge,Topic 48,rendered:topic-badge
meoclass1/oralnotes/miw-notes-mgmt-p11.html#topic-48,toc,T48,rendered:toc-link
meoclass1/oralnotes/miw-notes-mgmt-p11.html#topic-48,version,T48,rendered:topic-version
meoclass1/oralnotes/miw-notes-mgmt-p11.html#topic-48,phase1a_key,U-P11-T48,Phase 1A U-Pnn-Tnn back-reference (POST31-CA1 UDAY_TOPIC_REFRESH_a0cc21e_20261008.csv)
meoclass1/oralnotes/miw-notes-mgmt-p11.html#topic-49,badge,Topic 49,rendered:topic-badge
meoclass1/oralnotes/miw-notes-mgmt-p11.html#topic-49,toc,T49,rendered:toc-link
meoclass1/oralnotes/miw-notes-mgmt-p11.html#topic-49,version,T49,rendered:topic-version
meoclass1/oralnotes/miw-notes-mgmt-p11.html#topic-49,phase1a_key,U-P11-T49,Phase 1A U-Pnn-Tnn back-reference (POST31-CA1 UDAY_TOPIC_REFRESH_a0cc21e_20261008.csv)
meoclass1/oralnotes/miw-notes-mgmt-p12.html#topic-50,badge,Part 12 · Topic 1,rendered:topic-badge
meoclass1/oralnotes/miw-notes-mgmt-p12.html#topic-50,toc,T1,rendered:toc-link
meoclass1/oralnotes/miw-notes-mgmt-p12.html#topic-50,version,P12-T1,rendered:topic-version
meoclass1/oralnotes/miw-notes-mgmt-p12.html#topic-50,phase1a_key,U-P12-T01,Phase 1A U-Pnn-Tnn back-reference (POST31-CA1 UDAY_TOPIC_REFRESH_a0cc21e_20261008.csv)
meoclass1/oralnotes/miw-notes-mgmt-p12.html#topic-51,badge,Part 12 · Topic 2,rendered:topic-badge
meoclass1/oralnotes/miw-notes-mgmt-p12.html#topic-51,toc,T2,rendered:toc-link
meoclass1/oralnotes/miw-notes-mgmt-p12.html#topic-51,version,P12-T2,rendered:topic-version
meoclass1/oralnotes/miw-notes-mgmt-p12.html#topic-51,phase1a_key,U-P12-T02,Phase 1A U-Pnn-Tnn back-reference (POST31-CA1 UDAY_TOPIC_REFRESH_a0cc21e_20261008.csv)
meoclass1/oralnotes/miw-notes-mgmt-p12.html#topic-52,badge,Part 12 · Topic 3,rendered:topic-badge
meoclass1/oralnotes/miw-notes-mgmt-p12.html#topic-52,toc,T3,rendered:toc-link
meoclass1/oralnotes/miw-notes-mgmt-p12.html#topic-52,version,P12-T3,rendered:topic-version
meoclass1/oralnotes/miw-notes-mgmt-p12.html#topic-52,phase1a_key,U-P12-T03,Phase 1A U-Pnn-Tnn back-reference (POST31-CA1 UDAY_TOPIC_REFRESH_a0cc21e_20261008.csv)
meoclass1/oralnotes/miw-notes-mgmt-p12.html#topic-53,badge,Part 12 · Topic 4,rendered:topic-badge
meoclass1/oralnotes/miw-notes-mgmt-p12.html#topic-53,toc,T4,rendered:toc-link
meoclass1/oralnotes/miw-notes-mgmt-p12.html#topic-53,version,P12-T4,rendered:topic-version
meoclass1/oralnotes/miw-notes-mgmt-p12.html#topic-53,phase1a_key,U-P12-T04,Phase 1A U-Pnn-Tnn back-reference (POST31-CA1 UDAY_TOPIC_REFRESH_a0cc21e_20261008.csv)
meoclass1/oralnotes/miw-notes-mgmt-p12.html#topic-54,badge,Part 12 · Topic 5,rendered:topic-badge
meoclass1/oralnotes/miw-notes-mgmt-p12.html#topic-54,toc,T5,rendered:toc-link
meoclass1/oralnotes/miw-notes-mgmt-p12.html#topic-54,version,P12-T5,rendered:topic-version
meoclass1/oralnotes/miw-notes-mgmt-p12.html#topic-54,phase1a_key,U-P12-T05,Phase 1A U-Pnn-Tnn back-reference (POST31-CA1 UDAY_TOPIC_REFRESH_a0cc21e_20261008.csv)
meoclass1/oralnotes/miw-notes-mgmt-p13.html#topic-p13-1,badge,Part 13 · Topic 1,rendered:topic-badge
meoclass1/oralnotes/miw-notes-mgmt-p13.html#topic-p13-1,toc,T1,rendered:toc-link
meoclass1/oralnotes/miw-notes-mgmt-p13.html#topic-p13-1,version,P13-T1,rendered:topic-version
meoclass1/oralnotes/miw-notes-mgmt-p13.html#topic-p13-1,phase1a_key,U-P13-T01,Phase 1A U-Pnn-Tnn back-reference (POST31-CA1 UDAY_TOPIC_REFRESH_a0cc21e_20261008.csv)
meoclass1/oralnotes/miw-notes-mgmt-p13.html#topic-p13-2,badge,Part 13 · Topic 2,rendered:topic-badge
meoclass1/oralnotes/miw-notes-mgmt-p13.html#topic-p13-2,toc,T2,rendered:toc-link
meoclass1/oralnotes/miw-notes-mgmt-p13.html#topic-p13-2,version,P13-T2,rendered:topic-version
meoclass1/oralnotes/miw-notes-mgmt-p13.html#topic-p13-2,phase1a_key,U-P13-T02,Phase 1A U-Pnn-Tnn back-reference (POST31-CA1 UDAY_TOPIC_REFRESH_a0cc21e_20261008.csv)
meoclass1/oralnotes/miw-notes-mgmt-p13.html#topic-p13-3,badge,Part 13 · Topic 3,rendered:topic-badge
meoclass1/oralnotes/miw-notes-mgmt-p13.html#topic-p13-3,toc,T3,rendered:toc-link
meoclass1/oralnotes/miw-notes-mgmt-p13.html#topic-p13-3,version,P13-T3,rendered:topic-version
meoclass1/oralnotes/miw-notes-mgmt-p13.html#topic-p13-3,phase1a_key,U-P13-T03,Phase 1A U-Pnn-Tnn back-reference (POST31-CA1 UDAY_TOPIC_REFRESH_a0cc21e_20261008.csv)
meoclass1/oralnotes/miw-notes-mgmt-p14.html#topic-p14-1,badge,Part 14 · Topic 1,rendered:topic-badge
meoclass1/oralnotes/miw-notes-mgmt-p14.html#topic-p14-1,toc,T1,rendered:toc-link
meoclass1/oralnotes/miw-notes-mgmt-p14.html#topic-p14-1,version,P14-T1,rendered:topic-version
meoclass1/oralnotes/miw-notes-mgmt-p14.html#topic-p14-1,phase1a_key,U-P14-T01,Phase 1A U-Pnn-Tnn back-reference (POST31-CA1 UDAY_TOPIC_REFRESH_a0cc21e_20261008.csv)
meoclass1/oralnotes/miw-notes-mgmt-p14.html#topic-p14-2,badge,Part 14 · Topic 2,rendered:topic-badge
meoclass1/oralnotes/miw-notes-mgmt-p14.html#topic-p14-2,toc,T2,rendered:toc-link
meoclass1/oralnotes/miw-notes-mgmt-p14.html#topic-p14-2,version,P14-T2,rendered:topic-version
meoclass1/oralnotes/miw-notes-mgmt-p14.html#topic-p14-2,phase1a_key,U-P14-T02,Phase 1A U-Pnn-Tnn back-reference (POST31-CA1 UDAY_TOPIC_REFRESH_a0cc21e_20261008.csv)
meoclass1/oralnotes/miw-notes-mgmt-p14.html#topic-p14-3,badge,Part 14 · Topic 3,rendered:topic-badge
meoclass1/oralnotes/miw-notes-mgmt-p14.html#topic-p14-3,toc,T3,rendered:toc-link
meoclass1/oralnotes/miw-notes-mgmt-p14.html#topic-p14-3,version,P14-T3,rendered:topic-version
meoclass1/oralnotes/miw-notes-mgmt-p14.html#topic-p14-3,phase1a_key,U-P14-T03,Phase 1A U-Pnn-Tnn back-reference (POST31-CA1 UDAY_TOPIC_REFRESH_a0cc21e_20261008.csv)
meoclass1/oralnotes/miw-notes-mgmt-p14.html#topic-p14-4,badge,Part 14 · Topic 4,rendered:topic-badge
meoclass1/oralnotes/miw-notes-mgmt-p14.html#topic-p14-4,toc,T4,rendered:toc-link
meoclass1/oralnotes/miw-notes-mgmt-p14.html#topic-p14-4,version,P14-T4,rendered:topic-version
meoclass1/oralnotes/miw-notes-mgmt-p14.html#topic-p14-4,phase1a_key,U-P14-T04,Phase 1A U-Pnn-Tnn back-reference (POST31-CA1 UDAY_TOPIC_REFRESH_a0cc21e_20261008.csv)
meoclass1/oralnotes/miw-notes-mgmt-p14.html#topic-p14-5,badge,Part 14 · Topic 5,rendered:topic-badge
meoclass1/oralnotes/miw-notes-mgmt-p14.html#topic-p14-5,toc,T5,rendered:toc-link
meoclass1/oralnotes/miw-notes-mgmt-p14.html#topic-p14-5,version,P14-T5,rendered:topic-version
meoclass1/oralnotes/miw-notes-mgmt-p14.html#topic-p14-5,phase1a_key,U-P14-T05,Phase 1A U-Pnn-Tnn back-reference (POST31-CA1 UDAY_TOPIC_REFRESH_a0cc21e_20261008.csv)
meoclass1/oralnotes/miw-notes-mgmt-p15.html#topic-p15-1,badge,Part 15 · Topic 1,rendered:topic-badge
meoclass1/oralnotes/miw-notes-mgmt-p15.html#topic-p15-1,toc,T1,rendered:toc-link
meoclass1/oralnotes/miw-notes-mgmt-p15.html#topic-p15-1,version,P15-T1,rendered:topic-version
meoclass1/oralnotes/miw-notes-mgmt-p15.html#topic-p15-1,phase1a_key,U-P15-T01,Phase 1A U-Pnn-Tnn back-reference (POST31-CA1 UDAY_TOPIC_REFRESH_a0cc21e_20261008.csv)
meoclass1/oralnotes/miw-notes-mgmt-p15.html#topic-p15-2,badge,Part 15 · Topic 2,rendered:topic-badge
meoclass1/oralnotes/miw-notes-mgmt-p15.html#topic-p15-2,toc,T2,rendered:toc-link
meoclass1/oralnotes/miw-notes-mgmt-p15.html#topic-p15-2,version,P15-T2,rendered:topic-version
meoclass1/oralnotes/miw-notes-mgmt-p15.html#topic-p15-2,phase1a_key,U-P15-T02,Phase 1A U-Pnn-Tnn back-reference (POST31-CA1 UDAY_TOPIC_REFRESH_a0cc21e_20261008.csv)
meoclass1/oralnotes/miw-notes-mgmt-p15.html#topic-p15-3,badge,Part 15 · Topic 3,rendered:topic-badge
meoclass1/oralnotes/miw-notes-mgmt-p15.html#topic-p15-3,toc,T3,rendered:toc-link
meoclass1/oralnotes/miw-notes-mgmt-p15.html#topic-p15-3,version,P15-T3,rendered:topic-version
meoclass1/oralnotes/miw-notes-mgmt-p15.html#topic-p15-3,phase1a_key,U-P15-T03,Phase 1A U-Pnn-Tnn back-reference (POST31-CA1 UDAY_TOPIC_REFRESH_a0cc21e_20261008.csv)
meoclass1/oralnotes/miw-notes-mgmt-p15.html#topic-p15-4,badge,Part 15 · Topic 4,rendered:topic-badge
meoclass1/oralnotes/miw-notes-mgmt-p15.html#topic-p15-4,toc,T4,rendered:toc-link
meoclass1/oralnotes/miw-notes-mgmt-p15.html#topic-p15-4,version,P15-T4,rendered:topic-version
meoclass1/oralnotes/miw-notes-mgmt-p15.html#topic-p15-4,phase1a_key,U-P15-T04,Phase 1A U-Pnn-Tnn back-reference (POST31-CA1 UDAY_TOPIC_REFRESH_a0cc21e_20261008.csv)
meoclass1/oralnotes/miw-notes-mgmt-p16.html#topic-p16-1,badge,Part 16 · Topic 1,rendered:topic-badge
meoclass1/oralnotes/miw-notes-mgmt-p16.html#topic-p16-1,toc,T1,rendered:toc-link
meoclass1/oralnotes/miw-notes-mgmt-p16.html#topic-p16-1,version,P16-T1,rendered:topic-version
meoclass1/oralnotes/miw-notes-mgmt-p16.html#topic-p16-1,phase1a_key,U-P16-T01,Phase 1A U-Pnn-Tnn back-reference (POST31-CA1 UDAY_TOPIC_REFRESH_a0cc21e_20261008.csv)
meoclass1/oralnotes/miw-notes-mgmt-p16.html#topic-p16-2,badge,Part 16 · Topic 2,rendered:topic-badge
meoclass1/oralnotes/miw-notes-mgmt-p16.html#topic-p16-2,toc,T2,rendered:toc-link
meoclass1/oralnotes/miw-notes-mgmt-p16.html#topic-p16-2,version,P16-T2,rendered:topic-version
meoclass1/oralnotes/miw-notes-mgmt-p16.html#topic-p16-2,phase1a_key,U-P16-T02,Phase 1A U-Pnn-Tnn back-reference (POST31-CA1 UDAY_TOPIC_REFRESH_a0cc21e_20261008.csv)
meoclass1/oralnotes/miw-notes-mgmt-p16.html#topic-p16-3,badge,Part 16 · Topic 3,rendered:topic-badge
meoclass1/oralnotes/miw-notes-mgmt-p16.html#topic-p16-3,toc,T3,rendered:toc-link
meoclass1/oralnotes/miw-notes-mgmt-p16.html#topic-p16-3,version,P16-T3,rendered:topic-version
meoclass1/oralnotes/miw-notes-mgmt-p16.html#topic-p16-3,phase1a_key,U-P16-T03,Phase 1A U-Pnn-Tnn back-reference (POST31-CA1 UDAY_TOPIC_REFRESH_a0cc21e_20261008.csv)
meoclass1/oralnotes/miw-notes-mgmt-p16.html#topic-p16-4,badge,Part 16 · Topic 4,rendered:topic-badge
meoclass1/oralnotes/miw-notes-mgmt-p16.html#topic-p16-4,toc,T4,rendered:toc-link
meoclass1/oralnotes/miw-notes-mgmt-p16.html#topic-p16-4,version,P16-T4,rendered:topic-version
meoclass1/oralnotes/miw-notes-mgmt-p16.html#topic-p16-4,phase1a_key,U-P16-T04,Phase 1A U-Pnn-Tnn back-reference (POST31-CA1 UDAY_TOPIC_REFRESH_a0cc21e_20261008.csv)
meoclass1/oralnotes/miw-notes-mgmt-p16.html#topic-p16-5,badge,Part 16 · Topic 5,rendered:topic-badge
meoclass1/oralnotes/miw-notes-mgmt-p16.html#topic-p16-5,toc,T5,rendered:toc-link
meoclass1/oralnotes/miw-notes-mgmt-p16.html#topic-p16-5,version,P16-T5,rendered:topic-version
meoclass1/oralnotes/miw-notes-mgmt-p16.html#topic-p16-5,phase1a_key,U-P16-T05,Phase 1A U-Pnn-Tnn back-reference (POST31-CA1 UDAY_TOPIC_REFRESH_a0cc21e_20261008.csv)
meoclass1/oralnotes/miw-notes-mgmt-p16.html#topic-p16-6,badge,Part 16 · Topic 6,rendered:topic-badge
meoclass1/oralnotes/miw-notes-mgmt-p16.html#topic-p16-6,toc,T6,rendered:toc-link
meoclass1/oralnotes/miw-notes-mgmt-p16.html#topic-p16-6,version,P16-T6,rendered:topic-version
meoclass1/oralnotes/miw-notes-mgmt-p16.html#topic-p16-6,phase1a_key,U-P16-T06,Phase 1A U-Pnn-Tnn back-reference (POST31-CA1 UDAY_TOPIC_REFRESH_a0cc21e_20261008.csv)
meoclass1/oralnotes/miw-notes-mgmt-p17.html#topic-p17-1,badge,Part 17 · Topic 1,rendered:topic-badge
meoclass1/oralnotes/miw-notes-mgmt-p17.html#topic-p17-1,toc,T1,rendered:toc-link
meoclass1/oralnotes/miw-notes-mgmt-p17.html#topic-p17-1,version,P17-T1,rendered:topic-version
meoclass1/oralnotes/miw-notes-mgmt-p17.html#topic-p17-1,phase1a_key,U-P17-T01,Phase 1A U-Pnn-Tnn back-reference (POST31-CA1 UDAY_TOPIC_REFRESH_a0cc21e_20261008.csv)
meoclass1/oralnotes/miw-notes-mgmt-p17.html#topic-p17-2,badge,Part 17 · Topic 2,rendered:topic-badge
meoclass1/oralnotes/miw-notes-mgmt-p17.html#topic-p17-2,toc,T2,rendered:toc-link
meoclass1/oralnotes/miw-notes-mgmt-p17.html#topic-p17-2,version,P17-T2,rendered:topic-version
meoclass1/oralnotes/miw-notes-mgmt-p17.html#topic-p17-2,phase1a_key,U-P17-T02,Phase 1A U-Pnn-Tnn back-reference (POST31-CA1 UDAY_TOPIC_REFRESH_a0cc21e_20261008.csv)
meoclass1/oralnotes/miw-notes-mgmt-p18.html#topic-p18-1,badge,Part 18 · Topic 1,rendered:topic-badge
meoclass1/oralnotes/miw-notes-mgmt-p18.html#topic-p18-1,toc,T1,rendered:toc-link
meoclass1/oralnotes/miw-notes-mgmt-p18.html#topic-p18-1,version,P18-T1,rendered:topic-version
meoclass1/oralnotes/miw-notes-mgmt-p18.html#topic-p18-1,phase1a_key,U-P18-T01,Phase 1A U-Pnn-Tnn back-reference (POST31-CA1 UDAY_TOPIC_REFRESH_a0cc21e_20261008.csv)
meoclass1/oralnotes/miw-notes-mgmt-p18.html#topic-p18-2,badge,Part 18 · Topic 2,rendered:topic-badge
meoclass1/oralnotes/miw-notes-mgmt-p18.html#topic-p18-2,toc,T2,rendered:toc-link
meoclass1/oralnotes/miw-notes-mgmt-p18.html#topic-p18-2,version,P18-T2,rendered:topic-version
meoclass1/oralnotes/miw-notes-mgmt-p18.html#topic-p18-2,phase1a_key,U-P18-T02,Phase 1A U-Pnn-Tnn back-reference (POST31-CA1 UDAY_TOPIC_REFRESH_a0cc21e_20261008.csv)
meoclass1/oralnotes/miw-notes-mgmt-p18.html#topic-p18-3,badge,Part 18 · Topic 3,rendered:topic-badge
meoclass1/oralnotes/miw-notes-mgmt-p18.html#topic-p18-3,toc,T3,rendered:toc-link
meoclass1/oralnotes/miw-notes-mgmt-p18.html#topic-p18-3,version,P18-T3,rendered:topic-version
meoclass1/oralnotes/miw-notes-mgmt-p18.html#topic-p18-3,phase1a_key,U-P18-T03,Phase 1A U-Pnn-Tnn back-reference (POST31-CA1 UDAY_TOPIC_REFRESH_a0cc21e_20261008.csv)
meoclass1/oralnotes/miw-notes-mgmt-p18.html#topic-p18-4,badge,Part 18 · Topic 4,rendered:topic-badge
meoclass1/oralnotes/miw-notes-mgmt-p18.html#topic-p18-4,toc,T4,rendered:toc-link
meoclass1/oralnotes/miw-notes-mgmt-p18.html#topic-p18-4,version,P18-T4,rendered:topic-version
meoclass1/oralnotes/miw-notes-mgmt-p18.html#topic-p18-4,phase1a_key,U-P18-T04,Phase 1A U-Pnn-Tnn back-reference (POST31-CA1 UDAY_TOPIC_REFRESH_a0cc21e_20261008.csv)
meoclass1/oralnotes/miw-notes-mgmt-p19.html#topic-p19-1,badge,Part 19 · Topic 1,rendered:topic-badge
meoclass1/oralnotes/miw-notes-mgmt-p19.html#topic-p19-1,toc,T1,rendered:toc-link
meoclass1/oralnotes/miw-notes-mgmt-p19.html#topic-p19-1,version,P19-T1,rendered:topic-version
meoclass1/oralnotes/miw-notes-mgmt-p19.html#topic-p19-1,phase1a_key,U-P19-T01,Phase 1A U-Pnn-Tnn back-reference (POST31-CA1 UDAY_TOPIC_REFRESH_a0cc21e_20261008.csv)
meoclass1/oralnotes/miw-notes-mgmt-p19.html#topic-p19-2,badge,Part 19 · Topic 2,rendered:topic-badge
meoclass1/oralnotes/miw-notes-mgmt-p19.html#topic-p19-2,toc,T2,rendered:toc-link
meoclass1/oralnotes/miw-notes-mgmt-p19.html#topic-p19-2,version,P19-T2,rendered:topic-version
meoclass1/oralnotes/miw-notes-mgmt-p19.html#topic-p19-2,phase1a_key,U-P19-T02,Phase 1A U-Pnn-Tnn back-reference (POST31-CA1 UDAY_TOPIC_REFRESH_a0cc21e_20261008.csv)
meoclass1/oralnotes/miw-notes-mgmt-p19.html#topic-p19-3,badge,Part 19 · Topic 3,rendered:topic-badge
meoclass1/oralnotes/miw-notes-mgmt-p19.html#topic-p19-3,toc,T3,rendered:toc-link
meoclass1/oralnotes/miw-notes-mgmt-p19.html#topic-p19-3,version,P19-T3,rendered:topic-version
meoclass1/oralnotes/miw-notes-mgmt-p19.html#topic-p19-3,phase1a_key,U-P19-T03,Phase 1A U-Pnn-Tnn back-reference (POST31-CA1 UDAY_TOPIC_REFRESH_a0cc21e_20261008.csv)
meoclass1/oralnotes/miw-notes-mgmt-p19.html#topic-p19-4,badge,Part 19 · Topic 4,rendered:topic-badge
meoclass1/oralnotes/miw-notes-mgmt-p19.html#topic-p19-4,toc,T4,rendered:toc-link
meoclass1/oralnotes/miw-notes-mgmt-p19.html#topic-p19-4,version,P19-T4,rendered:topic-version
meoclass1/oralnotes/miw-notes-mgmt-p19.html#topic-p19-4,phase1a_key,U-P19-T04,Phase 1A U-Pnn-Tnn back-reference (POST31-CA1 UDAY_TOPIC_REFRESH_a0cc21e_20261008.csv)
meoclass1/oralnotes/miw-notes-mgmt-p19.html#topic-p19-5,badge,Part 19 · Topic 5,rendered:topic-badge
meoclass1/oralnotes/miw-notes-mgmt-p19.html#topic-p19-5,toc,T5,rendered:toc-link
meoclass1/oralnotes/miw-notes-mgmt-p19.html#topic-p19-5,version,P19-T5,rendered:topic-version
meoclass1/oralnotes/miw-notes-mgmt-p19.html#topic-p19-5,phase1a_key,U-P19-T05,Phase 1A U-Pnn-Tnn back-reference (POST31-CA1 UDAY_TOPIC_REFRESH_a0cc21e_20261008.csv)
meoclass1/oralnotes/miw-notes-mgmt-p20.html#topic-p20-1,badge,Part 20 · Topic 1,rendered:topic-badge
meoclass1/oralnotes/miw-notes-mgmt-p20.html#topic-p20-1,toc,T1,rendered:toc-link
meoclass1/oralnotes/miw-notes-mgmt-p20.html#topic-p20-1,version,P20-T1,rendered:topic-version
meoclass1/oralnotes/miw-notes-mgmt-p20.html#topic-p20-1,phase1a_key,U-P20-T01,Phase 1A U-Pnn-Tnn back-reference (POST31-CA1 UDAY_TOPIC_REFRESH_a0cc21e_20261008.csv)
meoclass1/oralnotes/miw-notes-mgmt-p20.html#topic-p20-2,badge,Part 20 · Topic 2,rendered:topic-badge
meoclass1/oralnotes/miw-notes-mgmt-p20.html#topic-p20-2,toc,T2,rendered:toc-link
meoclass1/oralnotes/miw-notes-mgmt-p20.html#topic-p20-2,version,P20-T2,rendered:topic-version
meoclass1/oralnotes/miw-notes-mgmt-p20.html#topic-p20-2,phase1a_key,U-P20-T02,Phase 1A U-Pnn-Tnn back-reference (POST31-CA1 UDAY_TOPIC_REFRESH_a0cc21e_20261008.csv)
meoclass1/oralnotes/miw-notes-mgmt-p20.html#topic-p20-3,badge,Part 20 · Topic 3,rendered:topic-badge
meoclass1/oralnotes/miw-notes-mgmt-p20.html#topic-p20-3,toc,T3,rendered:toc-link
meoclass1/oralnotes/miw-notes-mgmt-p20.html#topic-p20-3,version,P20-T3,rendered:topic-version
meoclass1/oralnotes/miw-notes-mgmt-p20.html#topic-p20-3,phase1a_key,U-P20-T03,Phase 1A U-Pnn-Tnn back-reference (POST31-CA1 UDAY_TOPIC_REFRESH_a0cc21e_20261008.csv)
meoclass1/oralnotes/miw-notes-mgmt-p21.html#topic-p21-1,badge,Part 21 · Topic 1,rendered:topic-badge
meoclass1/oralnotes/miw-notes-mgmt-p21.html#topic-p21-1,toc,T1,rendered:toc-link
meoclass1/oralnotes/miw-notes-mgmt-p21.html#topic-p21-1,version,P21-T1,rendered:topic-version
meoclass1/oralnotes/miw-notes-mgmt-p21.html#topic-p21-1,phase1a_key,U-P21-T01,Phase 1A U-Pnn-Tnn back-reference (POST31-CA1 UDAY_TOPIC_REFRESH_a0cc21e_20261008.csv)
meoclass1/oralnotes/miw-notes-mgmt-p21.html#topic-p21-2,badge,Part 21 · Topic 2,rendered:topic-badge
meoclass1/oralnotes/miw-notes-mgmt-p21.html#topic-p21-2,toc,T2,rendered:toc-link
meoclass1/oralnotes/miw-notes-mgmt-p21.html#topic-p21-2,version,P21-T2,rendered:topic-version
meoclass1/oralnotes/miw-notes-mgmt-p21.html#topic-p21-2,phase1a_key,U-P21-T02,Phase 1A U-Pnn-Tnn back-reference (POST31-CA1 UDAY_TOPIC_REFRESH_a0cc21e_20261008.csv)
meoclass1/oralnotes/miw-notes-mgmt-p21.html#topic-p21-3,badge,Part 21 · Topic 3,rendered:topic-badge
meoclass1/oralnotes/miw-notes-mgmt-p21.html#topic-p21-3,toc,T3,rendered:toc-link
meoclass1/oralnotes/miw-notes-mgmt-p21.html#topic-p21-3,version,P21-T3,rendered:topic-version
meoclass1/oralnotes/miw-notes-mgmt-p21.html#topic-p21-3,phase1a_key,U-P21-T03,Phase 1A U-Pnn-Tnn back-reference (POST31-CA1 UDAY_TOPIC_REFRESH_a0cc21e_20261008.csv)
meoclass1/oralnotes/miw-notes-mgmt-p22.html#topic-p22-1,badge,Part 22 · Topic 1,rendered:topic-badge
meoclass1/oralnotes/miw-notes-mgmt-p22.html#topic-p22-1,toc,T1,rendered:toc-link
meoclass1/oralnotes/miw-notes-mgmt-p22.html#topic-p22-1,version,P22-T1,rendered:topic-version
meoclass1/oralnotes/miw-notes-mgmt-p22.html#topic-p22-1,phase1a_key,U-P22-T01,Phase 1A U-Pnn-Tnn back-reference (POST31-CA1 UDAY_TOPIC_REFRESH_a0cc21e_20261008.csv)
meoclass1/oralnotes/miw-notes-mgmt-p22.html#topic-p22-2,badge,Part 22 · Topic 2,rendered:topic-badge
meoclass1/oralnotes/miw-notes-mgmt-p22.html#topic-p22-2,toc,T2,rendered:toc-link
meoclass1/oralnotes/miw-notes-mgmt-p22.html#topic-p22-2,version,P22-T2,rendered:topic-version
meoclass1/oralnotes/miw-notes-mgmt-p22.html#topic-p22-2,phase1a_key,U-P22-T02,Phase 1A U-Pnn-Tnn back-reference (POST31-CA1 UDAY_TOPIC_REFRESH_a0cc21e_20261008.csv)
meoclass1/oralnotes/miw-notes-mgmt-p22.html#topic-p22-3,badge,Part 22 · Topic 3,rendered:topic-badge
meoclass1/oralnotes/miw-notes-mgmt-p22.html#topic-p22-3,toc,T3,rendered:toc-link
meoclass1/oralnotes/miw-notes-mgmt-p22.html#topic-p22-3,version,P22-T3,rendered:topic-version
meoclass1/oralnotes/miw-notes-mgmt-p22.html#topic-p22-3,phase1a_key,U-P22-T03,Phase 1A U-Pnn-Tnn back-reference (POST31-CA1 UDAY_TOPIC_REFRESH_a0cc21e_20261008.csv)
meoclass1/oralnotes/miw-notes-mgmt-p23.html#topic-p23-1,badge,Part 23 · Topic 1,rendered:topic-badge
meoclass1/oralnotes/miw-notes-mgmt-p23.html#topic-p23-1,toc,T1,rendered:toc-link
meoclass1/oralnotes/miw-notes-mgmt-p23.html#topic-p23-1,version,P23-T1,rendered:topic-version
meoclass1/oralnotes/miw-notes-mgmt-p23.html#topic-p23-1,phase1a_key,U-P23-T01,Phase 1A U-Pnn-Tnn back-reference (POST31-CA1 UDAY_TOPIC_REFRESH_a0cc21e_20261008.csv)
meoclass1/oralnotes/miw-notes-mgmt-p23.html#topic-p23-2,badge,Part 23 · Topic 2,rendered:topic-badge
meoclass1/oralnotes/miw-notes-mgmt-p23.html#topic-p23-2,toc,T2,rendered:toc-link
meoclass1/oralnotes/miw-notes-mgmt-p23.html#topic-p23-2,version,P23-T2,rendered:topic-version
meoclass1/oralnotes/miw-notes-mgmt-p23.html#topic-p23-2,phase1a_key,U-P23-T02,Phase 1A U-Pnn-Tnn back-reference (POST31-CA1 UDAY_TOPIC_REFRESH_a0cc21e_20261008.csv)
meoclass1/oralnotes/miw-notes-mgmt-p23.html#topic-p23-3,badge,Part 23 · Topic 3,rendered:topic-badge
meoclass1/oralnotes/miw-notes-mgmt-p23.html#topic-p23-3,toc,T3,rendered:toc-link
meoclass1/oralnotes/miw-notes-mgmt-p23.html#topic-p23-3,version,P23-T3,rendered:topic-version
meoclass1/oralnotes/miw-notes-mgmt-p23.html#topic-p23-3,phase1a_key,U-P23-T03,Phase 1A U-Pnn-Tnn back-reference (POST31-CA1 UDAY_TOPIC_REFRESH_a0cc21e_20261008.csv)
meoclass1/oralnotes/miw-notes-mgmt-p23.html#topic-p23-4,badge,Part 23 · Topic 4,rendered:topic-badge
meoclass1/oralnotes/miw-notes-mgmt-p23.html#topic-p23-4,toc,T4,rendered:toc-link
meoclass1/oralnotes/miw-notes-mgmt-p23.html#topic-p23-4,version,P23-T4,rendered:topic-version
meoclass1/oralnotes/miw-notes-mgmt-p23.html#topic-p23-4,phase1a_key,U-P23-T04,Phase 1A U-Pnn-Tnn back-reference (POST31-CA1 UDAY_TOPIC_REFRESH_a0cc21e_20261008.csv)
meoclass1/oralnotes/miw-notes-mgmt-p23.html#topic-p23-5,badge,Part 23 · Topic 5,rendered:topic-badge
meoclass1/oralnotes/miw-notes-mgmt-p23.html#topic-p23-5,toc,T5,rendered:toc-link
meoclass1/oralnotes/miw-notes-mgmt-p23.html#topic-p23-5,version,P23-T5,rendered:topic-version
meoclass1/oralnotes/miw-notes-mgmt-p23.html#topic-p23-5,phase1a_key,U-P23-T05,Phase 1A U-Pnn-Tnn back-reference (POST31-CA1 UDAY_TOPIC_REFRESH_a0cc21e_20261008.csv)
meoclass1/oralnotes/miw-notes-mgmt-p24.html#topic-p24-1,badge,Part 24 · Topic 1,rendered:topic-badge
meoclass1/oralnotes/miw-notes-mgmt-p24.html#topic-p24-1,toc,T1,rendered:toc-link
meoclass1/oralnotes/miw-notes-mgmt-p24.html#topic-p24-1,version,P24-T1,rendered:topic-version
meoclass1/oralnotes/miw-notes-mgmt-p24.html#topic-p24-1,phase1a_key,U-P24-T01,Phase 1A U-Pnn-Tnn back-reference (POST31-CA1 UDAY_TOPIC_REFRESH_a0cc21e_20261008.csv)
meoclass1/oralnotes/miw-notes-mgmt-p24.html#topic-p24-2,badge,Part 24 · Topic 2,rendered:topic-badge
meoclass1/oralnotes/miw-notes-mgmt-p24.html#topic-p24-2,toc,T2,rendered:toc-link
meoclass1/oralnotes/miw-notes-mgmt-p24.html#topic-p24-2,version,P24-T2,rendered:topic-version
meoclass1/oralnotes/miw-notes-mgmt-p24.html#topic-p24-2,phase1a_key,U-P24-T02,Phase 1A U-Pnn-Tnn back-reference (POST31-CA1 UDAY_TOPIC_REFRESH_a0cc21e_20261008.csv)
meoclass1/oralnotes/miw-notes-mgmt-p25.html#topic-p25-1,badge,Part 25 · Topic 1,rendered:topic-badge
meoclass1/oralnotes/miw-notes-mgmt-p25.html#topic-p25-1,toc,T1,rendered:toc-link
meoclass1/oralnotes/miw-notes-mgmt-p25.html#topic-p25-1,version,P25-T1,rendered:topic-version
meoclass1/oralnotes/miw-notes-mgmt-p25.html#topic-p25-1,phase1a_key,U-P25-T01,Phase 1A U-Pnn-Tnn back-reference (POST31-CA1 UDAY_TOPIC_REFRESH_a0cc21e_20261008.csv)
meoclass1/oralnotes/miw-notes-mgmt-p25.html#topic-p25-2,badge,Part 25 · Topic 2,rendered:topic-badge
meoclass1/oralnotes/miw-notes-mgmt-p25.html#topic-p25-2,toc,T2,rendered:toc-link
meoclass1/oralnotes/miw-notes-mgmt-p25.html#topic-p25-2,version,P25-T2,rendered:topic-version
meoclass1/oralnotes/miw-notes-mgmt-p25.html#topic-p25-2,phase1a_key,U-P25-T02,Phase 1A U-Pnn-Tnn back-reference (POST31-CA1 UDAY_TOPIC_REFRESH_a0cc21e_20261008.csv)
meoclass1/oralnotes/miw-notes-mgmt-p26.html#topic-p26-1,badge,Part 26 · Topic 1,rendered:topic-badge
meoclass1/oralnotes/miw-notes-mgmt-p26.html#topic-p26-1,toc,T1,rendered:toc-link
meoclass1/oralnotes/miw-notes-mgmt-p26.html#topic-p26-1,version,P26-T1,rendered:topic-version
meoclass1/oralnotes/miw-notes-mgmt-p26.html#topic-p26-1,phase1a_key,U-P26-T01,Phase 1A U-Pnn-Tnn back-reference (POST31-CA1 UDAY_TOPIC_REFRESH_a0cc21e_20261008.csv)
meoclass1/oralnotes/miw-notes-mgmt-p26.html#topic-p26-2,badge,Part 26 · Topic 2,rendered:topic-badge
meoclass1/oralnotes/miw-notes-mgmt-p26.html#topic-p26-2,toc,T2,rendered:toc-link
meoclass1/oralnotes/miw-notes-mgmt-p26.html#topic-p26-2,version,P26-T2,rendered:topic-version
meoclass1/oralnotes/miw-notes-mgmt-p26.html#topic-p26-2,phase1a_key,U-P26-T02,Phase 1A U-Pnn-Tnn back-reference (POST31-CA1 UDAY_TOPIC_REFRESH_a0cc21e_20261008.csv)
meoclass1/oralnotes/miw-notes-mgmt-p27.html#topic-p27-1,badge,Part 27 · Topic 1,rendered:topic-badge
meoclass1/oralnotes/miw-notes-mgmt-p27.html#topic-p27-1,toc,T1,rendered:toc-link
meoclass1/oralnotes/miw-notes-mgmt-p27.html#topic-p27-1,version,P27-T1,rendered:topic-version
meoclass1/oralnotes/miw-notes-mgmt-p27.html#topic-p27-1,phase1a_key,U-P27-T01,Phase 1A U-Pnn-Tnn back-reference (POST31-CA1 UDAY_TOPIC_REFRESH_a0cc21e_20261008.csv)
meoclass1/oralnotes/miw-notes-mgmt-p27.html#topic-p27-2,badge,Part 27 · Topic 2,rendered:topic-badge
meoclass1/oralnotes/miw-notes-mgmt-p27.html#topic-p27-2,toc,T2,rendered:toc-link
meoclass1/oralnotes/miw-notes-mgmt-p27.html#topic-p27-2,version,P27-T2,rendered:topic-version
meoclass1/oralnotes/miw-notes-mgmt-p27.html#topic-p27-2,phase1a_key,U-P27-T02,Phase 1A U-Pnn-Tnn back-reference (POST31-CA1 UDAY_TOPIC_REFRESH_a0cc21e_20261008.csv)
meoclass1/oralnotes/miw-notes-mgmt-p27.html#topic-p27-3,badge,Part 27 · Topic 3,rendered:topic-badge
meoclass1/oralnotes/miw-notes-mgmt-p27.html#topic-p27-3,toc,T3,rendered:toc-link
meoclass1/oralnotes/miw-notes-mgmt-p27.html#topic-p27-3,version,P27-T3,rendered:topic-version
meoclass1/oralnotes/miw-notes-mgmt-p27.html#topic-p27-3,phase1a_key,U-P27-T03,Phase 1A U-Pnn-Tnn back-reference (POST31-CA1 UDAY_TOPIC_REFRESH_a0cc21e_20261008.csv)
meoclass1/oralnotes/miw-notes-mgmt-p28.html#topic-p28-1,badge,Part 28 · Topic 1,rendered:topic-badge
meoclass1/oralnotes/miw-notes-mgmt-p28.html#topic-p28-1,toc,T1,rendered:toc-link
meoclass1/oralnotes/miw-notes-mgmt-p28.html#topic-p28-1,version,P28-T1,rendered:topic-version
meoclass1/oralnotes/miw-notes-mgmt-p28.html#topic-p28-1,phase1a_key,U-P28-T01,Phase 1A U-Pnn-Tnn back-reference (POST31-CA1 UDAY_TOPIC_REFRESH_a0cc21e_20261008.csv)
meoclass1/oralnotes/miw-notes-mgmt-p28.html#topic-p28-2,badge,Part 28 · Topic 2,rendered:topic-badge
meoclass1/oralnotes/miw-notes-mgmt-p28.html#topic-p28-2,toc,T2,rendered:toc-link
meoclass1/oralnotes/miw-notes-mgmt-p28.html#topic-p28-2,version,P28-T2,rendered:topic-version
meoclass1/oralnotes/miw-notes-mgmt-p28.html#topic-p28-2,phase1a_key,U-P28-T02,Phase 1A U-Pnn-Tnn back-reference (POST31-CA1 UDAY_TOPIC_REFRESH_a0cc21e_20261008.csv)
meoclass1/oralnotes/miw-notes-mgmt-p28.html#topic-p28-3,badge,Part 28 · Topic 3,rendered:topic-badge
meoclass1/oralnotes/miw-notes-mgmt-p28.html#topic-p28-3,toc,T3,rendered:toc-link
meoclass1/oralnotes/miw-notes-mgmt-p28.html#topic-p28-3,version,P28-T3,rendered:topic-version
meoclass1/oralnotes/miw-notes-mgmt-p28.html#topic-p28-3,phase1a_key,U-P28-T03,Phase 1A U-Pnn-Tnn back-reference (POST31-CA1 UDAY_TOPIC_REFRESH_a0cc21e_20261008.csv)
meoclass1/oralnotes/miw-notes-mgmt-p29.html#topic-p29-1,badge,Part 29 · Topic 1,rendered:topic-badge
meoclass1/oralnotes/miw-notes-mgmt-p29.html#topic-p29-1,toc,T1,rendered:toc-link
meoclass1/oralnotes/miw-notes-mgmt-p29.html#topic-p29-1,version,P29-T1,rendered:topic-version
meoclass1/oralnotes/miw-notes-mgmt-p29.html#topic-p29-1,phase1a_key,U-P29-T01,Phase 1A U-Pnn-Tnn back-reference (POST31-CA1 UDAY_TOPIC_REFRESH_a0cc21e_20261008.csv)
meoclass1/oralnotes/miw-notes-mgmt-p29.html#topic-p29-2,badge,Part 29 · Topic 2,rendered:topic-badge
meoclass1/oralnotes/miw-notes-mgmt-p29.html#topic-p29-2,toc,T2,rendered:toc-link
meoclass1/oralnotes/miw-notes-mgmt-p29.html#topic-p29-2,version,P29-T2,rendered:topic-version
meoclass1/oralnotes/miw-notes-mgmt-p29.html#topic-p29-2,phase1a_key,U-P29-T02,Phase 1A U-Pnn-Tnn back-reference (POST31-CA1 UDAY_TOPIC_REFRESH_a0cc21e_20261008.csv)
meoclass1/oralnotes/miw-notes-mgmt-p29.html#topic-p29-3,badge,Part 29 · Topic 3,rendered:topic-badge
meoclass1/oralnotes/miw-notes-mgmt-p29.html#topic-p29-3,toc,T3,rendered:toc-link
meoclass1/oralnotes/miw-notes-mgmt-p29.html#topic-p29-3,version,P29-T3,rendered:topic-version
meoclass1/oralnotes/miw-notes-mgmt-p29.html#topic-p29-3,phase1a_key,U-P29-T03,Phase 1A U-Pnn-Tnn back-reference (POST31-CA1 UDAY_TOPIC_REFRESH_a0cc21e_20261008.csv)
meoclass1/oralnotes/miw-notes-mgmt-p29.html#topic-p29-4,badge,Part 29 · Topic 4,rendered:topic-badge
meoclass1/oralnotes/miw-notes-mgmt-p29.html#topic-p29-4,toc,T4,rendered:toc-link
meoclass1/oralnotes/miw-notes-mgmt-p29.html#topic-p29-4,version,P29-T4,rendered:topic-version
meoclass1/oralnotes/miw-notes-mgmt-p29.html#topic-p29-4,phase1a_key,U-P29-T04,Phase 1A U-Pnn-Tnn back-reference (POST31-CA1 UDAY_TOPIC_REFRESH_a0cc21e_20261008.csv)
meoclass1/oralnotes/miw-notes-mgmt-p30.html#topic-p30-1,badge,Part 30 · Topic 1,rendered:topic-badge
meoclass1/oralnotes/miw-notes-mgmt-p30.html#topic-p30-1,toc,T1,rendered:toc-link
meoclass1/oralnotes/miw-notes-mgmt-p30.html#topic-p30-1,version,P30-T1,rendered:topic-version
meoclass1/oralnotes/miw-notes-mgmt-p30.html#topic-p30-1,phase1a_key,U-P30-T01,Phase 1A U-Pnn-Tnn back-reference (POST31-CA1 UDAY_TOPIC_REFRESH_a0cc21e_20261008.csv)
meoclass1/oralnotes/miw-notes-mgmt-p30.html#topic-p30-2,badge,Part 30 · Topic 2,rendered:topic-badge
meoclass1/oralnotes/miw-notes-mgmt-p30.html#topic-p30-2,toc,T2,rendered:toc-link
meoclass1/oralnotes/miw-notes-mgmt-p30.html#topic-p30-2,version,P30-T2,rendered:topic-version
meoclass1/oralnotes/miw-notes-mgmt-p30.html#topic-p30-2,phase1a_key,U-P30-T02,Phase 1A U-Pnn-Tnn back-reference (POST31-CA1 UDAY_TOPIC_REFRESH_a0cc21e_20261008.csv)
meoclass1/oralnotes/miw-notes-mgmt-p31.html#topic-p31-1,badge,Part 31 · Topic 1,rendered:topic-badge
meoclass1/oralnotes/miw-notes-mgmt-p31.html#topic-p31-1,toc,T1,rendered:toc-link
meoclass1/oralnotes/miw-notes-mgmt-p31.html#topic-p31-1,version,P31-T1,rendered:topic-version
meoclass1/oralnotes/miw-notes-mgmt-p31.html#topic-p31-1,phase1a_key,U-P31-T01,Phase 1A U-Pnn-Tnn back-reference (POST31-CA1 UDAY_TOPIC_REFRESH_a0cc21e_20261008.csv)
meoclass1/oralnotes/miw-notes-mgmt-p31.html#topic-p31-2,badge,Part 31 · Topic 2,rendered:topic-badge
meoclass1/oralnotes/miw-notes-mgmt-p31.html#topic-p31-2,toc,T2,rendered:toc-link
meoclass1/oralnotes/miw-notes-mgmt-p31.html#topic-p31-2,version,P31-T2,rendered:topic-version
meoclass1/oralnotes/miw-notes-mgmt-p31.html#topic-p31-2,phase1a_key,U-P31-T02,Phase 1A U-Pnn-Tnn back-reference (POST31-CA1 UDAY_TOPIC_REFRESH_a0cc21e_20261008.csv)
meoclass1/oralnotes/miw-notes-mgmt-p31.html#topic-p31-3,badge,Part 31 · Topic 3,rendered:topic-badge
meoclass1/oralnotes/miw-notes-mgmt-p31.html#topic-p31-3,toc,T3,rendered:toc-link
meoclass1/oralnotes/miw-notes-mgmt-p31.html#topic-p31-3,version,P31-T3,rendered:topic-version
meoclass1/oralnotes/miw-notes-mgmt-p31.html#topic-p31-3,phase1a_key,U-P31-T03,Phase 1A U-Pnn-Tnn back-reference (POST31-CA1 UDAY_TOPIC_REFRESH_a0cc21e_20261008.csv)
