referrer_file,target_source_node_key,count,source_commit
docs/notes/POST31_CA2_IMPLEMENTATION_20261009.md,meoclass1/oralnotes/miw-notes-mgmt-p12.html#topic-51,1,48131c9b9453653e2df15b81447d0adb7efd4a50
docs/notes/POST31_CA2_IMPLEMENTATION_20261009.md,meoclass1/oralnotes/miw-notes-mgmt-p21.html#topic-p21-3,1,48131c9b9453653e2df15b81447d0adb7efd4a50
docs/notes/POST31_CA2_IMPLEMENTATION_20261009.md,meoclass1/oralnotes/miw-notes-mgmt-p22.html#topic-p22-3,1,48131c9b9453653e2df15b81447d0adb7efd4a50
docs/notes/POST31_CA2_IMPLEMENTATION_20261009.md,meoclass1/oralnotes/miw-notes-mgmt-p4.html#topic-16,1,48131c9b9453653e2df15b81447d0adb7efd4a50
docs/notes/POST31_CA2_IMPLEMENTATION_20261009.md,meoclass1/oralnotes/miw-notes-mgmt-p7.html#topic-30,1,48131c9b9453653e2df15b81447d0adb7efd4a50
docs/notes/POST31_CA3_IMPLEMENTATION_20261009.md,meoclass1/oralnotes/miw-notes-mgmt-p12.html#topic-51,1,48131c9b9453653e2df15b81447d0adb7efd4a50
docs/notes/POST31_CA3_IMPLEMENTATION_20261009.md,meoclass1/oralnotes/miw-notes-mgmt-p2.html#topic-9,1,48131c9b9453653e2df15b81447d0adb7efd4a50
docs/notes/POST31_CA3_IMPLEMENTATION_20261009.md,meoclass1/oralnotes/miw-notes-mgmt-p22.html#topic-p22-3,2,48131c9b9453653e2df15b81447d0adb7efd4a50
docs/notes/POST31_CA3_IMPLEMENTATION_20261009.md,meoclass1/oralnotes/miw-notes-mgmt-p23.html#topic-p23-3,1,48131c9b9453653e2df15b81447d0adb7efd4a50
docs/notes/POST31_CA3_IMPLEMENTATION_20261009.md,meoclass1/oralnotes/miw-notes-mgmt-p24.html#topic-p24-1,1,48131c9b9453653e2df15b81447d0adb7efd4a50
docs/notes/POST31_CA3_IMPLEMENTATION_20261009.md,meoclass1/oralnotes/miw-notes-mgmt-p25.html#topic-p25-1,1,48131c9b9453653e2df15b81447d0adb7efd4a50
docs/notes/POST31_CA3_IMPLEMENTATION_20261009.md,meoclass1/oralnotes/miw-notes-mgmt-p28.html#topic-p28-3,1,48131c9b9453653e2df15b81447d0adb7efd4a50
docs/notes/POST31_CA3_IMPLEMENTATION_20261009.md,meoclass1/oralnotes/miw-notes-mgmt-p29.html#topic-p29-3,1,48131c9b9453653e2df15b81447d0adb7efd4a50
docs/notes/POST31_CA3_IMPLEMENTATION_20261009.md,meoclass1/oralnotes/miw-notes-mgmt-p31.html#topic-p31-1,1,48131c9b9453653e2df15b81447d0adb7efd4a50
docs/notes/POST31_CA3_IMPLEMENTATION_20261009.md,meoclass1/oralnotes/miw-notes-mgmt-p4.html#topic-16,1,48131c9b9453653e2df15b81447d0adb7efd4a50
docs/notes/POST31_CA3_IMPLEMENTATION_20261009.md,meoclass1/oralnotes/miw-notes-mgmt-p8.html#topic-36,1,48131c9b9453653e2df15b81447d0adb7efd4a50
meoclass1/oral-intelligence/examiner-audit/FINAL_P0_PRODUCTION_BATCH.md,meoclass1/oralnotes/miw-notes-mgmt-p20.html#topic-p20-1,1,48131c9b9453653e2df15b81447d0adb7efd4a50
meoclass1/oral-intelligence/examiner-audit/FINAL_P0_PRODUCTION_BATCH.md,meoclass1/oralnotes/miw-notes-mgmt-p20.html#topic-p20-2,2,48131c9b9453653e2df15b81447d0adb7efd4a50
meoclass1/oral-intelligence/examiner-audit/FINAL_P0_PRODUCTION_BATCH.md,meoclass1/oralnotes/miw-notes-mgmt-p20.html#topic-p20-3,1,48131c9b9453653e2df15b81447d0adb7efd4a50
meoclass1/oral-intelligence/examiner-audit/FINAL_P0_PRODUCTION_BATCH.md,meoclass1/oralnotes/miw-notes-mgmt-p21.html#topic-p21-3,1,48131c9b9453653e2df15b81447d0adb7efd4a50
meoclass1/oral-intelligence/examiner-audit/FINAL_P0_PRODUCTION_BATCH.md,meoclass1/oralnotes/miw-notes-mgmt-p22.html#topic-p22-1,1,48131c9b9453653e2df15b81447d0adb7efd4a50
meoclass1/oral-intelligence/examiner-audit/FINAL_P0_PRODUCTION_BATCH.md,meoclass1/oralnotes/miw-notes-mgmt-p22.html#topic-p22-3,1,48131c9b9453653e2df15b81447d0adb7efd4a50
meoclass1/oral-intelligence/examiner-audit/FINAL_P0_PRODUCTION_BATCH.md,meoclass1/oralnotes/miw-notes-mgmt-p7.html#topic-32,1,48131c9b9453653e2df15b81447d0adb7efd4a50
meoclass1/oral-intelligence/examiner-audit/ORAL_NOTES_COVERAGE.jsonl,meoclass1/oralnotes/miw-notes-mgmt-p1.html#topic-1,26,48131c9b9453653e2df15b81447d0adb7efd4a50
meoclass1/oral-intelligence/examiner-audit/ORAL_NOTES_COVERAGE.jsonl,meoclass1/oralnotes/miw-notes-mgmt-p1.html#topic-2,28,48131c9b9453653e2df15b81447d0adb7efd4a50
meoclass1/oral-intelligence/examiner-audit/ORAL_NOTES_COVERAGE.jsonl,meoclass1/oralnotes/miw-notes-mgmt-p1.html#topic-3,14,48131c9b9453653e2df15b81447d0adb7efd4a50
meoclass1/oral-intelligence/examiner-audit/ORAL_NOTES_COVERAGE.jsonl,meoclass1/oralnotes/miw-notes-mgmt-p1.html#topic-4,10,48131c9b9453653e2df15b81447d0adb7efd4a50
meoclass1/oral-intelligence/examiner-audit/ORAL_NOTES_COVERAGE.jsonl,meoclass1/oralnotes/miw-notes-mgmt-p1.html#topic-5,7,48131c9b9453653e2df15b81447d0adb7efd4a50
meoclass1/oral-intelligence/examiner-audit/ORAL_NOTES_COVERAGE.jsonl,meoclass1/oralnotes/miw-notes-mgmt-p1.html#topic-6,36,48131c9b9453653e2df15b81447d0adb7efd4a50
meoclass1/oral-intelligence/examiner-audit/ORAL_NOTES_COVERAGE.jsonl,meoclass1/oralnotes/miw-notes-mgmt-p10.html#topic-42,26,48131c9b9453653e2df15b81447d0adb7efd4a50
meoclass1/oral-intelligence/examiner-audit/ORAL_NOTES_COVERAGE.jsonl,meoclass1/oralnotes/miw-notes-mgmt-p10.html#topic-43,18,48131c9b9453653e2df15b81447d0adb7efd4a50
meoclass1/oral-intelligence/examiner-audit/ORAL_NOTES_COVERAGE.jsonl,meoclass1/oralnotes/miw-notes-mgmt-p10.html#topic-44,3,48131c9b9453653e2df15b81447d0adb7efd4a50
meoclass1/oral-intelligence/examiner-audit/ORAL_NOTES_COVERAGE.jsonl,meoclass1/oralnotes/miw-notes-mgmt-p10.html#topic-45,15,48131c9b9453653e2df15b81447d0adb7efd4a50
meoclass1/oral-intelligence/examiner-audit/ORAL_NOTES_COVERAGE.jsonl,meoclass1/oralnotes/miw-notes-mgmt-p10.html#topic-46,11,48131c9b9453653e2df15b81447d0adb7efd4a50
meoclass1/oral-intelligence/examiner-audit/ORAL_NOTES_COVERAGE.jsonl,meoclass1/oralnotes/miw-notes-mgmt-p11.html#topic-47,31,48131c9b9453653e2df15b81447d0adb7efd4a50
meoclass1/oral-intelligence/examiner-audit/ORAL_NOTES_COVERAGE.jsonl,meoclass1/oralnotes/miw-notes-mgmt-p11.html#topic-48,23,48131c9b9453653e2df15b81447d0adb7efd4a50
meoclass1/oral-intelligence/examiner-audit/ORAL_NOTES_COVERAGE.jsonl,meoclass1/oralnotes/miw-notes-mgmt-p11.html#topic-49,26,48131c9b9453653e2df15b81447d0adb7efd4a50
meoclass1/oral-intelligence/examiner-audit/ORAL_NOTES_COVERAGE.jsonl,meoclass1/oralnotes/miw-notes-mgmt-p12.html#topic-50,15,48131c9b9453653e2df15b81447d0adb7efd4a50
meoclass1/oral-intelligence/examiner-audit/ORAL_NOTES_COVERAGE.jsonl,meoclass1/oralnotes/miw-notes-mgmt-p12.html#topic-51,25,48131c9b9453653e2df15b81447d0adb7efd4a50
meoclass1/oral-intelligence/examiner-audit/ORAL_NOTES_COVERAGE.jsonl,meoclass1/oralnotes/miw-notes-mgmt-p12.html#topic-52,18,48131c9b9453653e2df15b81447d0adb7efd4a50
meoclass1/oral-intelligence/examiner-audit/ORAL_NOTES_COVERAGE.jsonl,meoclass1/oralnotes/miw-notes-mgmt-p12.html#topic-53,19,48131c9b9453653e2df15b81447d0adb7efd4a50
meoclass1/oral-intelligence/examiner-audit/ORAL_NOTES_COVERAGE.jsonl,meoclass1/oralnotes/miw-notes-mgmt-p12.html#topic-54,19,48131c9b9453653e2df15b81447d0adb7efd4a50
meoclass1/oral-intelligence/examiner-audit/ORAL_NOTES_COVERAGE.jsonl,meoclass1/oralnotes/miw-notes-mgmt-p13.html#topic-p13-1,31,48131c9b9453653e2df15b81447d0adb7efd4a50
meoclass1/oral-intelligence/examiner-audit/ORAL_NOTES_COVERAGE.jsonl,meoclass1/oralnotes/miw-notes-mgmt-p13.html#topic-p13-2,42,48131c9b9453653e2df15b81447d0adb7efd4a50
meoclass1/oral-intelligence/examiner-audit/ORAL_NOTES_COVERAGE.jsonl,meoclass1/oralnotes/miw-notes-mgmt-p13.html#topic-p13-3,21,48131c9b9453653e2df15b81447d0adb7efd4a50
meoclass1/oral-intelligence/examiner-audit/ORAL_NOTES_COVERAGE.jsonl,meoclass1/oralnotes/miw-notes-mgmt-p14.html#topic-p14-1,18,48131c9b9453653e2df15b81447d0adb7efd4a50
meoclass1/oral-intelligence/examiner-audit/ORAL_NOTES_COVERAGE.jsonl,meoclass1/oralnotes/miw-notes-mgmt-p14.html#topic-p14-2,23,48131c9b9453653e2df15b81447d0adb7efd4a50
meoclass1/oral-intelligence/examiner-audit/ORAL_NOTES_COVERAGE.jsonl,meoclass1/oralnotes/miw-notes-mgmt-p14.html#topic-p14-3,29,48131c9b9453653e2df15b81447d0adb7efd4a50
meoclass1/oral-intelligence/examiner-audit/ORAL_NOTES_COVERAGE.jsonl,meoclass1/oralnotes/miw-notes-mgmt-p14.html#topic-p14-4,25,48131c9b9453653e2df15b81447d0adb7efd4a50
meoclass1/oral-intelligence/examiner-audit/ORAL_NOTES_COVERAGE.jsonl,meoclass1/oralnotes/miw-notes-mgmt-p14.html#topic-p14-5,44,48131c9b9453653e2df15b81447d0adb7efd4a50
meoclass1/oral-intelligence/examiner-audit/ORAL_NOTES_COVERAGE.jsonl,meoclass1/oralnotes/miw-notes-mgmt-p15.html#topic-p15-1,16,48131c9b9453653e2df15b81447d0adb7efd4a50
meoclass1/oral-intelligence/examiner-audit/ORAL_NOTES_COVERAGE.jsonl,meoclass1/oralnotes/miw-notes-mgmt-p15.html#topic-p15-2,20,48131c9b9453653e2df15b81447d0adb7efd4a50
meoclass1/oral-intelligence/examiner-audit/ORAL_NOTES_COVERAGE.jsonl,meoclass1/oralnotes/miw-notes-mgmt-p15.html#topic-p15-3,18,48131c9b9453653e2df15b81447d0adb7efd4a50
meoclass1/oral-intelligence/examiner-audit/ORAL_NOTES_COVERAGE.jsonl,meoclass1/oralnotes/miw-notes-mgmt-p15.html#topic-p15-4,28,48131c9b9453653e2df15b81447d0adb7efd4a50
meoclass1/oral-intelligence/examiner-audit/ORAL_NOTES_COVERAGE.jsonl,meoclass1/oralnotes/miw-notes-mgmt-p16.html#topic-p16-1,34,48131c9b9453653e2df15b81447d0adb7efd4a50
meoclass1/oral-intelligence/examiner-audit/ORAL_NOTES_COVERAGE.jsonl,meoclass1/oralnotes/miw-notes-mgmt-p16.html#topic-p16-2,16,48131c9b9453653e2df15b81447d0adb7efd4a50
meoclass1/oral-intelligence/examiner-audit/ORAL_NOTES_COVERAGE.jsonl,meoclass1/oralnotes/miw-notes-mgmt-p16.html#topic-p16-3,11,48131c9b9453653e2df15b81447d0adb7efd4a50
meoclass1/oral-intelligence/examiner-audit/ORAL_NOTES_COVERAGE.jsonl,meoclass1/oralnotes/miw-notes-mgmt-p16.html#topic-p16-4,21,48131c9b9453653e2df15b81447d0adb7efd4a50
meoclass1/oral-intelligence/examiner-audit/ORAL_NOTES_COVERAGE.jsonl,meoclass1/oralnotes/miw-notes-mgmt-p16.html#topic-p16-5,14,48131c9b9453653e2df15b81447d0adb7efd4a50
meoclass1/oral-intelligence/examiner-audit/ORAL_NOTES_COVERAGE.jsonl,meoclass1/oralnotes/miw-notes-mgmt-p16.html#topic-p16-6,30,48131c9b9453653e2df15b81447d0adb7efd4a50
meoclass1/oral-intelligence/examiner-audit/ORAL_NOTES_COVERAGE.jsonl,meoclass1/oralnotes/miw-notes-mgmt-p17.html#topic-p17-1,15,48131c9b9453653e2df15b81447d0adb7efd4a50
meoclass1/oral-intelligence/examiner-audit/ORAL_NOTES_COVERAGE.jsonl,meoclass1/oralnotes/miw-notes-mgmt-p17.html#topic-p17-2,29,48131c9b9453653e2df15b81447d0adb7efd4a50
meoclass1/oral-intelligence/examiner-audit/ORAL_NOTES_COVERAGE.jsonl,meoclass1/oralnotes/miw-notes-mgmt-p18.html#topic-p18-1,12,48131c9b9453653e2df15b81447d0adb7efd4a50
meoclass1/oral-intelligence/examiner-audit/ORAL_NOTES_COVERAGE.jsonl,meoclass1/oralnotes/miw-notes-mgmt-p18.html#topic-p18-2,12,48131c9b9453653e2df15b81447d0adb7efd4a50
meoclass1/oral-intelligence/examiner-audit/ORAL_NOTES_COVERAGE.jsonl,meoclass1/oralnotes/miw-notes-mgmt-p18.html#topic-p18-3,30,48131c9b9453653e2df15b81447d0adb7efd4a50
meoclass1/oral-intelligence/examiner-audit/ORAL_NOTES_COVERAGE.jsonl,meoclass1/oralnotes/miw-notes-mgmt-p18.html#topic-p18-4,13,48131c9b9453653e2df15b81447d0adb7efd4a50
meoclass1/oral-intelligence/examiner-audit/ORAL_NOTES_COVERAGE.jsonl,meoclass1/oralnotes/miw-notes-mgmt-p19.html#topic-p19-1,41,48131c9b9453653e2df15b81447d0adb7efd4a50
meoclass1/oral-intelligence/examiner-audit/ORAL_NOTES_COVERAGE.jsonl,meoclass1/oralnotes/miw-notes-mgmt-p19.html#topic-p19-2,19,48131c9b9453653e2df15b81447d0adb7efd4a50
meoclass1/oral-intelligence/examiner-audit/ORAL_NOTES_COVERAGE.jsonl,meoclass1/oralnotes/miw-notes-mgmt-p19.html#topic-p19-3,48,48131c9b9453653e2df15b81447d0adb7efd4a50
meoclass1/oral-intelligence/examiner-audit/ORAL_NOTES_COVERAGE.jsonl,meoclass1/oralnotes/miw-notes-mgmt-p19.html#topic-p19-4,33,48131c9b9453653e2df15b81447d0adb7efd4a50
meoclass1/oral-intelligence/examiner-audit/ORAL_NOTES_COVERAGE.jsonl,meoclass1/oralnotes/miw-notes-mgmt-p19.html#topic-p19-5,21,48131c9b9453653e2df15b81447d0adb7efd4a50
meoclass1/oral-intelligence/examiner-audit/ORAL_NOTES_COVERAGE.jsonl,meoclass1/oralnotes/miw-notes-mgmt-p2.html#topic-10,9,48131c9b9453653e2df15b81447d0adb7efd4a50
meoclass1/oral-intelligence/examiner-audit/ORAL_NOTES_COVERAGE.jsonl,meoclass1/oralnotes/miw-notes-mgmt-p2.html#topic-7,6,48131c9b9453653e2df15b81447d0adb7efd4a50
meoclass1/oral-intelligence/examiner-audit/ORAL_NOTES_COVERAGE.jsonl,meoclass1/oralnotes/miw-notes-mgmt-p2.html#topic-8,11,48131c9b9453653e2df15b81447d0adb7efd4a50
meoclass1/oral-intelligence/examiner-audit/ORAL_NOTES_COVERAGE.jsonl,meoclass1/oralnotes/miw-notes-mgmt-p2.html#topic-9,11,48131c9b9453653e2df15b81447d0adb7efd4a50
meoclass1/oral-intelligence/examiner-audit/ORAL_NOTES_COVERAGE.jsonl,meoclass1/oralnotes/miw-notes-mgmt-p20.html#topic-p20-1,40,48131c9b9453653e2df15b81447d0adb7efd4a50
meoclass1/oral-intelligence/examiner-audit/ORAL_NOTES_COVERAGE.jsonl,meoclass1/oralnotes/miw-notes-mgmt-p20.html#topic-p20-2,41,48131c9b9453653e2df15b81447d0adb7efd4a50
meoclass1/oral-intelligence/examiner-audit/ORAL_NOTES_COVERAGE.jsonl,meoclass1/oralnotes/miw-notes-mgmt-p20.html#topic-p20-3,91,48131c9b9453653e2df15b81447d0adb7efd4a50
meoclass1/oral-intelligence/examiner-audit/ORAL_NOTES_COVERAGE.jsonl,meoclass1/oralnotes/miw-notes-mgmt-p21.html#topic-p21-1,91,48131c9b9453653e2df15b81447d0adb7efd4a50
meoclass1/oral-intelligence/examiner-audit/ORAL_NOTES_COVERAGE.jsonl,meoclass1/oralnotes/miw-notes-mgmt-p21.html#topic-p21-2,49,48131c9b9453653e2df15b81447d0adb7efd4a50
meoclass1/oral-intelligence/examiner-audit/ORAL_NOTES_COVERAGE.jsonl,meoclass1/oralnotes/miw-notes-mgmt-p21.html#topic-p21-3,78,48131c9b9453653e2df15b81447d0adb7efd4a50
meoclass1/oral-intelligence/examiner-audit/ORAL_NOTES_COVERAGE.jsonl,meoclass1/oralnotes/miw-notes-mgmt-p22.html#topic-p22-1,41,48131c9b9453653e2df15b81447d0adb7efd4a50
meoclass1/oral-intelligence/examiner-audit/ORAL_NOTES_COVERAGE.jsonl,meoclass1/oralnotes/miw-notes-mgmt-p22.html#topic-p22-2,49,48131c9b9453653e2df15b81447d0adb7efd4a50
meoclass1/oral-intelligence/examiner-audit/ORAL_NOTES_COVERAGE.jsonl,meoclass1/oralnotes/miw-notes-mgmt-p22.html#topic-p22-3,81,48131c9b9453653e2df15b81447d0adb7efd4a50
meoclass1/oral-intelligence/examiner-audit/ORAL_NOTES_COVERAGE.jsonl,meoclass1/oralnotes/miw-notes-mgmt-p3.html#topic-11,7,48131c9b9453653e2df15b81447d0adb7efd4a50
meoclass1/oral-intelligence/examiner-audit/ORAL_NOTES_COVERAGE.jsonl,meoclass1/oralnotes/miw-notes-mgmt-p3.html#topic-12,10,48131c9b9453653e2df15b81447d0adb7efd4a50
meoclass1/oral-intelligence/examiner-audit/ORAL_NOTES_COVERAGE.jsonl,meoclass1/oralnotes/miw-notes-mgmt-p3.html#topic-13,27,48131c9b9453653e2df15b81447d0adb7efd4a50
meoclass1/oral-intelligence/examiner-audit/ORAL_NOTES_COVERAGE.jsonl,meoclass1/oralnotes/miw-notes-mgmt-p3.html#topic-14,35,48131c9b9453653e2df15b81447d0adb7efd4a50
meoclass1/oral-intelligence/examiner-audit/ORAL_NOTES_COVERAGE.jsonl,meoclass1/oralnotes/miw-notes-mgmt-p3.html#topic-15,39,48131c9b9453653e2df15b81447d0adb7efd4a50
meoclass1/oral-intelligence/examiner-audit/ORAL_NOTES_COVERAGE.jsonl,meoclass1/oralnotes/miw-notes-mgmt-p4.html#topic-16,25,48131c9b9453653e2df15b81447d0adb7efd4a50
meoclass1/oral-intelligence/examiner-audit/ORAL_NOTES_COVERAGE.jsonl,meoclass1/oralnotes/miw-notes-mgmt-p4.html#topic-17,7,48131c9b9453653e2df15b81447d0adb7efd4a50
meoclass1/oral-intelligence/examiner-audit/ORAL_NOTES_COVERAGE.jsonl,meoclass1/oralnotes/miw-notes-mgmt-p4.html#topic-18,4,48131c9b9453653e2df15b81447d0adb7efd4a50
meoclass1/oral-intelligence/examiner-audit/ORAL_NOTES_COVERAGE.jsonl,meoclass1/oralnotes/miw-notes-mgmt-p4.html#topic-19,25,48131c9b9453653e2df15b81447d0adb7efd4a50
meoclass1/oral-intelligence/examiner-audit/ORAL_NOTES_COVERAGE.jsonl,meoclass1/oralnotes/miw-notes-mgmt-p4.html#topic-20,34,48131c9b9453653e2df15b81447d0adb7efd4a50
meoclass1/oral-intelligence/examiner-audit/ORAL_NOTES_COVERAGE.jsonl,meoclass1/oralnotes/miw-notes-mgmt-p5.html#topic-21,22,48131c9b9453653e2df15b81447d0adb7efd4a50
meoclass1/oral-intelligence/examiner-audit/ORAL_NOTES_COVERAGE.jsonl,meoclass1/oralnotes/miw-notes-mgmt-p5.html#topic-22,21,48131c9b9453653e2df15b81447d0adb7efd4a50
meoclass1/oral-intelligence/examiner-audit/ORAL_NOTES_COVERAGE.jsonl,meoclass1/oralnotes/miw-notes-mgmt-p5.html#topic-23,19,48131c9b9453653e2df15b81447d0adb7efd4a50
meoclass1/oral-intelligence/examiner-audit/ORAL_NOTES_COVERAGE.jsonl,meoclass1/oralnotes/miw-notes-mgmt-p5.html#topic-24,11,48131c9b9453653e2df15b81447d0adb7efd4a50
meoclass1/oral-intelligence/examiner-audit/ORAL_NOTES_COVERAGE.jsonl,meoclass1/oralnotes/miw-notes-mgmt-p5.html#topic-25,12,48131c9b9453653e2df15b81447d0adb7efd4a50
meoclass1/oral-intelligence/examiner-audit/ORAL_NOTES_COVERAGE.jsonl,meoclass1/oralnotes/miw-notes-mgmt-p5.html#topic-26,24,48131c9b9453653e2df15b81447d0adb7efd4a50
meoclass1/oral-intelligence/examiner-audit/ORAL_NOTES_COVERAGE.jsonl,meoclass1/oralnotes/miw-notes-mgmt-p6.html#topic-27,57,48131c9b9453653e2df15b81447d0adb7efd4a50
meoclass1/oral-intelligence/examiner-audit/ORAL_NOTES_COVERAGE.jsonl,meoclass1/oralnotes/miw-notes-mgmt-p6.html#topic-28,21,48131c9b9453653e2df15b81447d0adb7efd4a50
meoclass1/oral-intelligence/examiner-audit/ORAL_NOTES_COVERAGE.jsonl,meoclass1/oralnotes/miw-notes-mgmt-p6.html#topic-29,36,48131c9b9453653e2df15b81447d0adb7efd4a50
meoclass1/oral-intelligence/examiner-audit/ORAL_NOTES_COVERAGE.jsonl,meoclass1/oralnotes/miw-notes-mgmt-p7.html#topic-30,32,48131c9b9453653e2df15b81447d0adb7efd4a50
meoclass1/oral-intelligence/examiner-audit/ORAL_NOTES_COVERAGE.jsonl,meoclass1/oralnotes/miw-notes-mgmt-p7.html#topic-31,34,48131c9b9453653e2df15b81447d0adb7efd4a50
meoclass1/oral-intelligence/examiner-audit/ORAL_NOTES_COVERAGE.jsonl,meoclass1/oralnotes/miw-notes-mgmt-p7.html#topic-32,23,48131c9b9453653e2df15b81447d0adb7efd4a50
meoclass1/oral-intelligence/examiner-audit/ORAL_NOTES_COVERAGE.jsonl,meoclass1/oralnotes/miw-notes-mgmt-p8.html#topic-33,10,48131c9b9453653e2df15b81447d0adb7efd4a50
meoclass1/oral-intelligence/examiner-audit/ORAL_NOTES_COVERAGE.jsonl,meoclass1/oralnotes/miw-notes-mgmt-p8.html#topic-34,25,48131c9b9453653e2df15b81447d0adb7efd4a50
meoclass1/oral-intelligence/examiner-audit/ORAL_NOTES_COVERAGE.jsonl,meoclass1/oralnotes/miw-notes-mgmt-p8.html#topic-35,20,48131c9b9453653e2df15b81447d0adb7efd4a50
meoclass1/oral-intelligence/examiner-audit/ORAL_NOTES_COVERAGE.jsonl,meoclass1/oralnotes/miw-notes-mgmt-p8.html#topic-36,18,48131c9b9453653e2df15b81447d0adb7efd4a50
meoclass1/oral-intelligence/examiner-audit/ORAL_NOTES_COVERAGE.jsonl,meoclass1/oralnotes/miw-notes-mgmt-p9.html#topic-37,18,48131c9b9453653e2df15b81447d0adb7efd4a50
meoclass1/oral-intelligence/examiner-audit/ORAL_NOTES_COVERAGE.jsonl,meoclass1/oralnotes/miw-notes-mgmt-p9.html#topic-38,16,48131c9b9453653e2df15b81447d0adb7efd4a50
meoclass1/oral-intelligence/examiner-audit/ORAL_NOTES_COVERAGE.jsonl,meoclass1/oralnotes/miw-notes-mgmt-p9.html#topic-39,18,48131c9b9453653e2df15b81447d0adb7efd4a50
meoclass1/oral-intelligence/examiner-audit/ORAL_NOTES_COVERAGE.jsonl,meoclass1/oralnotes/miw-notes-mgmt-p9.html#topic-40,20,48131c9b9453653e2df15b81447d0adb7efd4a50
meoclass1/oral-intelligence/examiner-audit/ORAL_NOTES_COVERAGE.jsonl,meoclass1/oralnotes/miw-notes-mgmt-p9.html#topic-41,17,48131c9b9453653e2df15b81447d0adb7efd4a50
meoclass1/oral-intelligence/examiner-audit/ORAL_NOTES_EXAMINER_EVIDENCE.jsonl,meoclass1/oralnotes/miw-notes-mgmt-p1.html#topic-1,6,48131c9b9453653e2df15b81447d0adb7efd4a50
meoclass1/oral-intelligence/examiner-audit/ORAL_NOTES_EXAMINER_EVIDENCE.jsonl,meoclass1/oralnotes/miw-notes-mgmt-p1.html#topic-2,6,48131c9b9453653e2df15b81447d0adb7efd4a50
meoclass1/oral-intelligence/examiner-audit/ORAL_NOTES_EXAMINER_EVIDENCE.jsonl,meoclass1/oralnotes/miw-notes-mgmt-p1.html#topic-3,4,48131c9b9453653e2df15b81447d0adb7efd4a50
meoclass1/oral-intelligence/examiner-audit/ORAL_NOTES_EXAMINER_EVIDENCE.jsonl,meoclass1/oralnotes/miw-notes-mgmt-p1.html#topic-4,6,48131c9b9453653e2df15b81447d0adb7efd4a50
meoclass1/oral-intelligence/examiner-audit/ORAL_NOTES_EXAMINER_EVIDENCE.jsonl,meoclass1/oralnotes/miw-notes-mgmt-p1.html#topic-5,6,48131c9b9453653e2df15b81447d0adb7efd4a50
meoclass1/oral-intelligence/examiner-audit/ORAL_NOTES_EXAMINER_EVIDENCE.jsonl,meoclass1/oralnotes/miw-notes-mgmt-p1.html#topic-6,6,48131c9b9453653e2df15b81447d0adb7efd4a50
meoclass1/oral-intelligence/examiner-audit/ORAL_NOTES_EXAMINER_EVIDENCE.jsonl,meoclass1/oralnotes/miw-notes-mgmt-p10.html#topic-42,8,48131c9b9453653e2df15b81447d0adb7efd4a50
meoclass1/oral-intelligence/examiner-audit/ORAL_NOTES_EXAMINER_EVIDENCE.jsonl,meoclass1/oralnotes/miw-notes-mgmt-p10.html#topic-43,6,48131c9b9453653e2df15b81447d0adb7efd4a50
meoclass1/oral-intelligence/examiner-audit/ORAL_NOTES_EXAMINER_EVIDENCE.jsonl,meoclass1/oralnotes/miw-notes-mgmt-p10.html#topic-44,8,48131c9b9453653e2df15b81447d0adb7efd4a50
meoclass1/oral-intelligence/examiner-audit/ORAL_NOTES_EXAMINER_EVIDENCE.jsonl,meoclass1/oralnotes/miw-notes-mgmt-p10.html#topic-45,8,48131c9b9453653e2df15b81447d0adb7efd4a50
meoclass1/oral-intelligence/examiner-audit/ORAL_NOTES_EXAMINER_EVIDENCE.jsonl,meoclass1/oralnotes/miw-notes-mgmt-p10.html#topic-46,6,48131c9b9453653e2df15b81447d0adb7efd4a50
meoclass1/oral-intelligence/examiner-audit/ORAL_NOTES_EXAMINER_EVIDENCE.jsonl,meoclass1/oralnotes/miw-notes-mgmt-p11.html#topic-47,8,48131c9b9453653e2df15b81447d0adb7efd4a50
meoclass1/oral-intelligence/examiner-audit/ORAL_NOTES_EXAMINER_EVIDENCE.jsonl,meoclass1/oralnotes/miw-notes-mgmt-p11.html#topic-48,8,48131c9b9453653e2df15b81447d0adb7efd4a50
meoclass1/oral-intelligence/examiner-audit/ORAL_NOTES_EXAMINER_EVIDENCE.jsonl,meoclass1/oralnotes/miw-notes-mgmt-p11.html#topic-49,6,48131c9b9453653e2df15b81447d0adb7efd4a50
meoclass1/oral-intelligence/examiner-audit/ORAL_NOTES_EXAMINER_EVIDENCE.jsonl,meoclass1/oralnotes/miw-notes-mgmt-p12.html#topic-50,10,48131c9b9453653e2df15b81447d0adb7efd4a50
meoclass1/oral-intelligence/examiner-audit/ORAL_NOTES_EXAMINER_EVIDENCE.jsonl,meoclass1/oralnotes/miw-notes-mgmt-p12.html#topic-51,8,48131c9b9453653e2df15b81447d0adb7efd4a50
meoclass1/oral-intelligence/examiner-audit/ORAL_NOTES_EXAMINER_EVIDENCE.jsonl,meoclass1/oralnotes/miw-notes-mgmt-p12.html#topic-52,10,48131c9b9453653e2df15b81447d0adb7efd4a50
meoclass1/oral-intelligence/examiner-audit/ORAL_NOTES_EXAMINER_EVIDENCE.jsonl,meoclass1/oralnotes/miw-notes-mgmt-p12.html#topic-53,10,48131c9b9453653e2df15b81447d0adb7efd4a50
meoclass1/oral-intelligence/examiner-audit/ORAL_NOTES_EXAMINER_EVIDENCE.jsonl,meoclass1/oralnotes/miw-notes-mgmt-p12.html#topic-54,10,48131c9b9453653e2df15b81447d0adb7efd4a50
meoclass1/oral-intelligence/examiner-audit/ORAL_NOTES_EXAMINER_EVIDENCE.jsonl,meoclass1/oralnotes/miw-notes-mgmt-p13.html#topic-p13-1,8,48131c9b9453653e2df15b81447d0adb7efd4a50
meoclass1/oral-intelligence/examiner-audit/ORAL_NOTES_EXAMINER_EVIDENCE.jsonl,meoclass1/oralnotes/miw-notes-mgmt-p13.html#topic-p13-2,8,48131c9b9453653e2df15b81447d0adb7efd4a50
meoclass1/oral-intelligence/examiner-audit/ORAL_NOTES_EXAMINER_EVIDENCE.jsonl,meoclass1/oralnotes/miw-notes-mgmt-p13.html#topic-p13-3,8,48131c9b9453653e2df15b81447d0adb7efd4a50
meoclass1/oral-intelligence/examiner-audit/ORAL_NOTES_EXAMINER_EVIDENCE.jsonl,meoclass1/oralnotes/miw-notes-mgmt-p14.html#topic-p14-1,10,48131c9b9453653e2df15b81447d0adb7efd4a50
meoclass1/oral-intelligence/examiner-audit/ORAL_NOTES_EXAMINER_EVIDENCE.jsonl,meoclass1/oralnotes/miw-notes-mgmt-p14.html#topic-p14-2,12,48131c9b9453653e2df15b81447d0adb7efd4a50
meoclass1/oral-intelligence/examiner-audit/ORAL_NOTES_EXAMINER_EVIDENCE.jsonl,meoclass1/oralnotes/miw-notes-mgmt-p14.html#topic-p14-3,8,48131c9b9453653e2df15b81447d0adb7efd4a50
meoclass1/oral-intelligence/examiner-audit/ORAL_NOTES_EXAMINER_EVIDENCE.jsonl,meoclass1/oralnotes/miw-notes-mgmt-p14.html#topic-p14-4,10,48131c9b9453653e2df15b81447d0adb7efd4a50
meoclass1/oral-intelligence/examiner-audit/ORAL_NOTES_EXAMINER_EVIDENCE.jsonl,meoclass1/oralnotes/miw-notes-mgmt-p14.html#topic-p14-5,6,48131c9b9453653e2df15b81447d0adb7efd4a50
meoclass1/oral-intelligence/examiner-audit/ORAL_NOTES_EXAMINER_EVIDENCE.jsonl,meoclass1/oralnotes/miw-notes-mgmt-p15.html#topic-p15-1,10,48131c9b9453653e2df15b81447d0adb7efd4a50
meoclass1/oral-intelligence/examiner-audit/ORAL_NOTES_EXAMINER_EVIDENCE.jsonl,meoclass1/oralnotes/miw-notes-mgmt-p15.html#topic-p15-2,8,48131c9b9453653e2df15b81447d0adb7efd4a50
meoclass1/oral-intelligence/examiner-audit/ORAL_NOTES_EXAMINER_EVIDENCE.jsonl,meoclass1/oralnotes/miw-notes-mgmt-p15.html#topic-p15-3,8,48131c9b9453653e2df15b81447d0adb7efd4a50
meoclass1/oral-intelligence/examiner-audit/ORAL_NOTES_EXAMINER_EVIDENCE.jsonl,meoclass1/oralnotes/miw-notes-mgmt-p15.html#topic-p15-4,6,48131c9b9453653e2df15b81447d0adb7efd4a50
meoclass1/oral-intelligence/examiner-audit/ORAL_NOTES_EXAMINER_EVIDENCE.jsonl,meoclass1/oralnotes/miw-notes-mgmt-p16.html#topic-p16-1,8,48131c9b9453653e2df15b81447d0adb7efd4a50
meoclass1/oral-intelligence/examiner-audit/ORAL_NOTES_EXAMINER_EVIDENCE.jsonl,meoclass1/oralnotes/miw-notes-mgmt-p16.html#topic-p16-2,8,48131c9b9453653e2df15b81447d0adb7efd4a50
meoclass1/oral-intelligence/examiner-audit/ORAL_NOTES_EXAMINER_EVIDENCE.jsonl,meoclass1/oralnotes/miw-notes-mgmt-p16.html#topic-p16-3,8,48131c9b9453653e2df15b81447d0adb7efd4a50
meoclass1/oral-intelligence/examiner-audit/ORAL_NOTES_EXAMINER_EVIDENCE.jsonl,meoclass1/oralnotes/miw-notes-mgmt-p16.html#topic-p16-4,10,48131c9b9453653e2df15b81447d0adb7efd4a50
meoclass1/oral-intelligence/examiner-audit/ORAL_NOTES_EXAMINER_EVIDENCE.jsonl,meoclass1/oralnotes/miw-notes-mgmt-p16.html#topic-p16-5,6,48131c9b9453653e2df15b81447d0adb7efd4a50
meoclass1/oral-intelligence/examiner-audit/ORAL_NOTES_EXAMINER_EVIDENCE.jsonl,meoclass1/oralnotes/miw-notes-mgmt-p16.html#topic-p16-6,6,48131c9b9453653e2df15b81447d0adb7efd4a50
meoclass1/oral-intelligence/examiner-audit/ORAL_NOTES_EXAMINER_EVIDENCE.jsonl,meoclass1/oralnotes/miw-notes-mgmt-p17.html#topic-p17-1,8,48131c9b9453653e2df15b81447d0adb7efd4a50
meoclass1/oral-intelligence/examiner-audit/ORAL_NOTES_EXAMINER_EVIDENCE.jsonl,meoclass1/oralnotes/miw-notes-mgmt-p17.html#topic-p17-2,12,48131c9b9453653e2df15b81447d0adb7efd4a50
meoclass1/oral-intelligence/examiner-audit/ORAL_NOTES_EXAMINER_EVIDENCE.jsonl,meoclass1/oralnotes/miw-notes-mgmt-p18.html#topic-p18-1,4,48131c9b9453653e2df15b81447d0adb7efd4a50
meoclass1/oral-intelligence/examiner-audit/ORAL_NOTES_EXAMINER_EVIDENCE.jsonl,meoclass1/oralnotes/miw-notes-mgmt-p18.html#topic-p18-2,8,48131c9b9453653e2df15b81447d0adb7efd4a50
meoclass1/oral-intelligence/examiner-audit/ORAL_NOTES_EXAMINER_EVIDENCE.jsonl,meoclass1/oralnotes/miw-notes-mgmt-p18.html#topic-p18-3,8,48131c9b9453653e2df15b81447d0adb7efd4a50
meoclass1/oral-intelligence/examiner-audit/ORAL_NOTES_EXAMINER_EVIDENCE.jsonl,meoclass1/oralnotes/miw-notes-mgmt-p18.html#topic-p18-4,6,48131c9b9453653e2df15b81447d0adb7efd4a50
meoclass1/oral-intelligence/examiner-audit/ORAL_NOTES_EXAMINER_EVIDENCE.jsonl,meoclass1/oralnotes/miw-notes-mgmt-p19.html#topic-p19-1,6,48131c9b9453653e2df15b81447d0adb7efd4a50
meoclass1/oral-intelligence/examiner-audit/ORAL_NOTES_EXAMINER_EVIDENCE.jsonl,meoclass1/oralnotes/miw-notes-mgmt-p19.html#topic-p19-2,6,48131c9b9453653e2df15b81447d0adb7efd4a50
meoclass1/oral-intelligence/examiner-audit/ORAL_NOTES_EXAMINER_EVIDENCE.jsonl,meoclass1/oralnotes/miw-notes-mgmt-p19.html#topic-p19-3,6,48131c9b9453653e2df15b81447d0adb7efd4a50
meoclass1/oral-intelligence/examiner-audit/ORAL_NOTES_EXAMINER_EVIDENCE.jsonl,meoclass1/oralnotes/miw-notes-mgmt-p19.html#topic-p19-4,4,48131c9b9453653e2df15b81447d0adb7efd4a50
meoclass1/oral-intelligence/examiner-audit/ORAL_NOTES_EXAMINER_EVIDENCE.jsonl,meoclass1/oralnotes/miw-notes-mgmt-p19.html#topic-p19-5,6,48131c9b9453653e2df15b81447d0adb7efd4a50
meoclass1/oral-intelligence/examiner-audit/ORAL_NOTES_EXAMINER_EVIDENCE.jsonl,meoclass1/oralnotes/miw-notes-mgmt-p2.html#topic-10,6,48131c9b9453653e2df15b81447d0adb7efd4a50
meoclass1/oral-intelligence/examiner-audit/ORAL_NOTES_EXAMINER_EVIDENCE.jsonl,meoclass1/oralnotes/miw-notes-mgmt-p2.html#topic-7,6,48131c9b9453653e2df15b81447d0adb7efd4a50
meoclass1/oral-intelligence/examiner-audit/ORAL_NOTES_EXAMINER_EVIDENCE.jsonl,meoclass1/oralnotes/miw-notes-mgmt-p2.html#topic-8,6,48131c9b9453653e2df15b81447d0adb7efd4a50
meoclass1/oral-intelligence/examiner-audit/ORAL_NOTES_EXAMINER_EVIDENCE.jsonl,meoclass1/oralnotes/miw-notes-mgmt-p2.html#topic-9,6,48131c9b9453653e2df15b81447d0adb7efd4a50
meoclass1/oral-intelligence/examiner-audit/ORAL_NOTES_EXAMINER_EVIDENCE.jsonl,meoclass1/oralnotes/miw-notes-mgmt-p20.html#topic-p20-1,4,48131c9b9453653e2df15b81447d0adb7efd4a50
meoclass1/oral-intelligence/examiner-audit/ORAL_NOTES_EXAMINER_EVIDENCE.jsonl,meoclass1/oralnotes/miw-notes-mgmt-p20.html#topic-p20-2,6,48131c9b9453653e2df15b81447d0adb7efd4a50
meoclass1/oral-intelligence/examiner-audit/ORAL_NOTES_EXAMINER_EVIDENCE.jsonl,meoclass1/oralnotes/miw-notes-mgmt-p20.html#topic-p20-3,6,48131c9b9453653e2df15b81447d0adb7efd4a50
meoclass1/oral-intelligence/examiner-audit/ORAL_NOTES_EXAMINER_EVIDENCE.jsonl,meoclass1/oralnotes/miw-notes-mgmt-p21.html#topic-p21-1,6,48131c9b9453653e2df15b81447d0adb7efd4a50
meoclass1/oral-intelligence/examiner-audit/ORAL_NOTES_EXAMINER_EVIDENCE.jsonl,meoclass1/oralnotes/miw-notes-mgmt-p21.html#topic-p21-2,6,48131c9b9453653e2df15b81447d0adb7efd4a50
meoclass1/oral-intelligence/examiner-audit/ORAL_NOTES_EXAMINER_EVIDENCE.jsonl,meoclass1/oralnotes/miw-notes-mgmt-p21.html#topic-p21-3,6,48131c9b9453653e2df15b81447d0adb7efd4a50
meoclass1/oral-intelligence/examiner-audit/ORAL_NOTES_EXAMINER_EVIDENCE.jsonl,meoclass1/oralnotes/miw-notes-mgmt-p22.html#topic-p22-1,4,48131c9b9453653e2df15b81447d0adb7efd4a50
meoclass1/oral-intelligence/examiner-audit/ORAL_NOTES_EXAMINER_EVIDENCE.jsonl,meoclass1/oralnotes/miw-notes-mgmt-p22.html#topic-p22-2,4,48131c9b9453653e2df15b81447d0adb7efd4a50
meoclass1/oral-intelligence/examiner-audit/ORAL_NOTES_EXAMINER_EVIDENCE.jsonl,meoclass1/oralnotes/miw-notes-mgmt-p22.html#topic-p22-3,6,48131c9b9453653e2df15b81447d0adb7efd4a50
meoclass1/oral-intelligence/examiner-audit/ORAL_NOTES_EXAMINER_EVIDENCE.jsonl,meoclass1/oralnotes/miw-notes-mgmt-p3.html#topic-11,4,48131c9b9453653e2df15b81447d0adb7efd4a50
meoclass1/oral-intelligence/examiner-audit/ORAL_NOTES_EXAMINER_EVIDENCE.jsonl,meoclass1/oralnotes/miw-notes-mgmt-p3.html#topic-12,4,48131c9b9453653e2df15b81447d0adb7efd4a50
meoclass1/oral-intelligence/examiner-audit/ORAL_NOTES_EXAMINER_EVIDENCE.jsonl,meoclass1/oralnotes/miw-notes-mgmt-p3.html#topic-13,8,48131c9b9453653e2df15b81447d0adb7efd4a50
meoclass1/oral-intelligence/examiner-audit/ORAL_NOTES_EXAMINER_EVIDENCE.jsonl,meoclass1/oralnotes/miw-notes-mgmt-p3.html#topic-14,6,48131c9b9453653e2df15b81447d0adb7efd4a50
meoclass1/oral-intelligence/examiner-audit/ORAL_NOTES_EXAMINER_EVIDENCE.jsonl,meoclass1/oralnotes/miw-notes-mgmt-p3.html#topic-15,8,48131c9b9453653e2df15b81447d0adb7efd4a50
meoclass1/oral-intelligence/examiner-audit/ORAL_NOTES_EXAMINER_EVIDENCE.jsonl,meoclass1/oralnotes/miw-notes-mgmt-p4.html#topic-16,6,48131c9b9453653e2df15b81447d0adb7efd4a50
meoclass1/oral-intelligence/examiner-audit/ORAL_NOTES_EXAMINER_EVIDENCE.jsonl,meoclass1/oralnotes/miw-notes-mgmt-p4.html#topic-17,6,48131c9b9453653e2df15b81447d0adb7efd4a50
meoclass1/oral-intelligence/examiner-audit/ORAL_NOTES_EXAMINER_EVIDENCE.jsonl,meoclass1/oralnotes/miw-notes-mgmt-p4.html#topic-18,6,48131c9b9453653e2df15b81447d0adb7efd4a50
meoclass1/oral-intelligence/examiner-audit/ORAL_NOTES_EXAMINER_EVIDENCE.jsonl,meoclass1/oralnotes/miw-notes-mgmt-p4.html#topic-19,4,48131c9b9453653e2df15b81447d0adb7efd4a50
meoclass1/oral-intelligence/examiner-audit/ORAL_NOTES_EXAMINER_EVIDENCE.jsonl,meoclass1/oralnotes/miw-notes-mgmt-p4.html#topic-20,6,48131c9b9453653e2df15b81447d0adb7efd4a50
meoclass1/oral-intelligence/examiner-audit/ORAL_NOTES_EXAMINER_EVIDENCE.jsonl,meoclass1/oralnotes/miw-notes-mgmt-p5.html#topic-21,6,48131c9b9453653e2df15b81447d0adb7efd4a50
meoclass1/oral-intelligence/examiner-audit/ORAL_NOTES_EXAMINER_EVIDENCE.jsonl,meoclass1/oralnotes/miw-notes-mgmt-p5.html#topic-22,4,48131c9b9453653e2df15b81447d0adb7efd4a50
meoclass1/oral-intelligence/examiner-audit/ORAL_NOTES_EXAMINER_EVIDENCE.jsonl,meoclass1/oralnotes/miw-notes-mgmt-p5.html#topic-23,4,48131c9b9453653e2df15b81447d0adb7efd4a50
meoclass1/oral-intelligence/examiner-audit/ORAL_NOTES_EXAMINER_EVIDENCE.jsonl,meoclass1/oralnotes/miw-notes-mgmt-p5.html#topic-24,4,48131c9b9453653e2df15b81447d0adb7efd4a50
meoclass1/oral-intelligence/examiner-audit/ORAL_NOTES_EXAMINER_EVIDENCE.jsonl,meoclass1/oralnotes/miw-notes-mgmt-p5.html#topic-25,4,48131c9b9453653e2df15b81447d0adb7efd4a50
meoclass1/oral-intelligence/examiner-audit/ORAL_NOTES_EXAMINER_EVIDENCE.jsonl,meoclass1/oralnotes/miw-notes-mgmt-p5.html#topic-26,4,48131c9b9453653e2df15b81447d0adb7efd4a50
meoclass1/oral-intelligence/examiner-audit/ORAL_NOTES_EXAMINER_EVIDENCE.jsonl,meoclass1/oralnotes/miw-notes-mgmt-p6.html#topic-27,6,48131c9b9453653e2df15b81447d0adb7efd4a50
meoclass1/oral-intelligence/examiner-audit/ORAL_NOTES_EXAMINER_EVIDENCE.jsonl,meoclass1/oralnotes/miw-notes-mgmt-p6.html#topic-28,6,48131c9b9453653e2df15b81447d0adb7efd4a50
meoclass1/oral-intelligence/examiner-audit/ORAL_NOTES_EXAMINER_EVIDENCE.jsonl,meoclass1/oralnotes/miw-notes-mgmt-p6.html#topic-29,6,48131c9b9453653e2df15b81447d0adb7efd4a50
meoclass1/oral-intelligence/examiner-audit/ORAL_NOTES_EXAMINER_EVIDENCE.jsonl,meoclass1/oralnotes/miw-notes-mgmt-p7.html#topic-30,6,48131c9b9453653e2df15b81447d0adb7efd4a50
meoclass1/oral-intelligence/examiner-audit/ORAL_NOTES_EXAMINER_EVIDENCE.jsonl,meoclass1/oralnotes/miw-notes-mgmt-p7.html#topic-31,6,48131c9b9453653e2df15b81447d0adb7efd4a50
meoclass1/oral-intelligence/examiner-audit/ORAL_NOTES_EXAMINER_EVIDENCE.jsonl,meoclass1/oralnotes/miw-notes-mgmt-p7.html#topic-32,6,48131c9b9453653e2df15b81447d0adb7efd4a50
meoclass1/oral-intelligence/examiner-audit/ORAL_NOTES_EXAMINER_EVIDENCE.jsonl,meoclass1/oralnotes/miw-notes-mgmt-p8.html#topic-33,4,48131c9b9453653e2df15b81447d0adb7efd4a50
meoclass1/oral-intelligence/examiner-audit/ORAL_NOTES_EXAMINER_EVIDENCE.jsonl,meoclass1/oralnotes/miw-notes-mgmt-p8.html#topic-34,6,48131c9b9453653e2df15b81447d0adb7efd4a50
meoclass1/oral-intelligence/examiner-audit/ORAL_NOTES_EXAMINER_EVIDENCE.jsonl,meoclass1/oralnotes/miw-notes-mgmt-p8.html#topic-35,4,48131c9b9453653e2df15b81447d0adb7efd4a50
meoclass1/oral-intelligence/examiner-audit/ORAL_NOTES_EXAMINER_EVIDENCE.jsonl,meoclass1/oralnotes/miw-notes-mgmt-p8.html#topic-36,6,48131c9b9453653e2df15b81447d0adb7efd4a50
meoclass1/oral-intelligence/examiner-audit/ORAL_NOTES_EXAMINER_EVIDENCE.jsonl,meoclass1/oralnotes/miw-notes-mgmt-p9.html#topic-37,6,48131c9b9453653e2df15b81447d0adb7efd4a50
meoclass1/oral-intelligence/examiner-audit/ORAL_NOTES_EXAMINER_EVIDENCE.jsonl,meoclass1/oralnotes/miw-notes-mgmt-p9.html#topic-38,6,48131c9b9453653e2df15b81447d0adb7efd4a50
meoclass1/oral-intelligence/examiner-audit/ORAL_NOTES_EXAMINER_EVIDENCE.jsonl,meoclass1/oralnotes/miw-notes-mgmt-p9.html#topic-39,6,48131c9b9453653e2df15b81447d0adb7efd4a50
meoclass1/oral-intelligence/examiner-audit/ORAL_NOTES_EXAMINER_EVIDENCE.jsonl,meoclass1/oralnotes/miw-notes-mgmt-p9.html#topic-40,6,48131c9b9453653e2df15b81447d0adb7efd4a50
meoclass1/oral-intelligence/examiner-audit/ORAL_NOTES_EXAMINER_EVIDENCE.jsonl,meoclass1/oralnotes/miw-notes-mgmt-p9.html#topic-41,6,48131c9b9453653e2df15b81447d0adb7efd4a50
meoclass1/oral-intelligence/examiner-audit/ORAL_NOTES_P0_IMPACT.json,meoclass1/oralnotes/miw-notes-mgmt-p12.html#topic-51,1,48131c9b9453653e2df15b81447d0adb7efd4a50
meoclass1/oral-intelligence/examiner-audit/ORAL_NOTES_P0_IMPACT.json,meoclass1/oralnotes/miw-notes-mgmt-p16.html#topic-p16-1,1,48131c9b9453653e2df15b81447d0adb7efd4a50
meoclass1/oral-intelligence/examiner-audit/ORAL_NOTES_P0_IMPACT.json,meoclass1/oralnotes/miw-notes-mgmt-p2.html#topic-9,1,48131c9b9453653e2df15b81447d0adb7efd4a50
meoclass1/oral-intelligence/examiner-audit/ORAL_NOTES_P0_IMPACT.json,meoclass1/oralnotes/miw-notes-mgmt-p20.html#topic-p20-1,1,48131c9b9453653e2df15b81447d0adb7efd4a50
meoclass1/oral-intelligence/examiner-audit/ORAL_NOTES_P0_IMPACT.json,meoclass1/oralnotes/miw-notes-mgmt-p20.html#topic-p20-2,1,48131c9b9453653e2df15b81447d0adb7efd4a50
meoclass1/oral-intelligence/examiner-audit/ORAL_NOTES_P0_IMPACT.json,meoclass1/oralnotes/miw-notes-mgmt-p20.html#topic-p20-3,1,48131c9b9453653e2df15b81447d0adb7efd4a50
meoclass1/oral-intelligence/examiner-audit/ORAL_NOTES_P0_IMPACT.json,meoclass1/oralnotes/miw-notes-mgmt-p22.html#topic-p22-1,1,48131c9b9453653e2df15b81447d0adb7efd4a50
meoclass1/oral-intelligence/examiner-audit/ORAL_NOTES_P0_IMPACT.json,meoclass1/oralnotes/miw-notes-mgmt-p22.html#topic-p22-3,1,48131c9b9453653e2df15b81447d0adb7efd4a50
meoclass1/oral-intelligence/examiner-audit/ORAL_NOTES_P0_IMPACT.json,meoclass1/oralnotes/miw-notes-mgmt-p5.html#topic-26,1,48131c9b9453653e2df15b81447d0adb7efd4a50
meoclass1/oral-intelligence/examiner-audit/ORAL_NOTES_P0_IMPACT.json,meoclass1/oralnotes/miw-notes-mgmt-p7.html#topic-32,1,48131c9b9453653e2df15b81447d0adb7efd4a50
meoclass1/oral-intelligence/examiner-audit/ORAL_NOTES_UNITS.jsonl,meoclass1/oralnotes/miw-notes-mgmt-p1.html#topic-1,14,48131c9b9453653e2df15b81447d0adb7efd4a50
meoclass1/oral-intelligence/examiner-audit/ORAL_NOTES_UNITS.jsonl,meoclass1/oralnotes/miw-notes-mgmt-p1.html#topic-2,14,48131c9b9453653e2df15b81447d0adb7efd4a50
meoclass1/oral-intelligence/examiner-audit/ORAL_NOTES_UNITS.jsonl,meoclass1/oralnotes/miw-notes-mgmt-p1.html#topic-3,1,48131c9b9453653e2df15b81447d0adb7efd4a50
meoclass1/oral-intelligence/examiner-audit/ORAL_NOTES_UNITS.jsonl,meoclass1/oralnotes/miw-notes-mgmt-p1.html#topic-4,1,48131c9b9453653e2df15b81447d0adb7efd4a50
meoclass1/oral-intelligence/examiner-audit/ORAL_NOTES_UNITS.jsonl,meoclass1/oralnotes/miw-notes-mgmt-p1.html#topic-5,9,48131c9b9453653e2df15b81447d0adb7efd4a50
meoclass1/oral-intelligence/examiner-audit/ORAL_NOTES_UNITS.jsonl,meoclass1/oralnotes/miw-notes-mgmt-p1.html#topic-6,14,48131c9b9453653e2df15b81447d0adb7efd4a50
meoclass1/oral-intelligence/examiner-audit/ORAL_NOTES_UNITS.jsonl,meoclass1/oralnotes/miw-notes-mgmt-p10.html#topic-42,6,48131c9b9453653e2df15b81447d0adb7efd4a50
meoclass1/oral-intelligence/examiner-audit/ORAL_NOTES_UNITS.jsonl,meoclass1/oralnotes/miw-notes-mgmt-p10.html#topic-43,6,48131c9b9453653e2df15b81447d0adb7efd4a50
meoclass1/oral-intelligence/examiner-audit/ORAL_NOTES_UNITS.jsonl,meoclass1/oralnotes/miw-notes-mgmt-p10.html#topic-44,6,48131c9b9453653e2df15b81447d0adb7efd4a50
meoclass1/oral-intelligence/examiner-audit/ORAL_NOTES_UNITS.jsonl,meoclass1/oralnotes/miw-notes-mgmt-p10.html#topic-45,6,48131c9b9453653e2df15b81447d0adb7efd4a50
meoclass1/oral-intelligence/examiner-audit/ORAL_NOTES_UNITS.jsonl,meoclass1/oralnotes/miw-notes-mgmt-p10.html#topic-46,6,48131c9b9453653e2df15b81447d0adb7efd4a50
meoclass1/oral-intelligence/examiner-audit/ORAL_NOTES_UNITS.jsonl,meoclass1/oralnotes/miw-notes-mgmt-p11.html#topic-47,7,48131c9b9453653e2df15b81447d0adb7efd4a50
meoclass1/oral-intelligence/examiner-audit/ORAL_NOTES_UNITS.jsonl,meoclass1/oralnotes/miw-notes-mgmt-p11.html#topic-48,7,48131c9b9453653e2df15b81447d0adb7efd4a50
meoclass1/oral-intelligence/examiner-audit/ORAL_NOTES_UNITS.jsonl,meoclass1/oralnotes/miw-notes-mgmt-p11.html#topic-49,7,48131c9b9453653e2df15b81447d0adb7efd4a50
meoclass1/oral-intelligence/examiner-audit/ORAL_NOTES_UNITS.jsonl,meoclass1/oralnotes/miw-notes-mgmt-p12.html#topic-50,7,48131c9b9453653e2df15b81447d0adb7efd4a50
meoclass1/oral-intelligence/examiner-audit/ORAL_NOTES_UNITS.jsonl,meoclass1/oralnotes/miw-notes-mgmt-p12.html#topic-51,7,48131c9b9453653e2df15b81447d0adb7efd4a50
meoclass1/oral-intelligence/examiner-audit/ORAL_NOTES_UNITS.jsonl,meoclass1/oralnotes/miw-notes-mgmt-p12.html#topic-52,7,48131c9b9453653e2df15b81447d0adb7efd4a50
meoclass1/oral-intelligence/examiner-audit/ORAL_NOTES_UNITS.jsonl,meoclass1/oralnotes/miw-notes-mgmt-p12.html#topic-53,7,48131c9b9453653e2df15b81447d0adb7efd4a50
meoclass1/oral-intelligence/examiner-audit/ORAL_NOTES_UNITS.jsonl,meoclass1/oralnotes/miw-notes-mgmt-p12.html#topic-54,7,48131c9b9453653e2df15b81447d0adb7efd4a50
meoclass1/oral-intelligence/examiner-audit/ORAL_NOTES_UNITS.jsonl,meoclass1/oralnotes/miw-notes-mgmt-p13.html#topic-p13-1,7,48131c9b9453653e2df15b81447d0adb7efd4a50
meoclass1/oral-intelligence/examiner-audit/ORAL_NOTES_UNITS.jsonl,meoclass1/oralnotes/miw-notes-mgmt-p13.html#topic-p13-2,7,48131c9b9453653e2df15b81447d0adb7efd4a50
meoclass1/oral-intelligence/examiner-audit/ORAL_NOTES_UNITS.jsonl,meoclass1/oralnotes/miw-notes-mgmt-p13.html#topic-p13-3,7,48131c9b9453653e2df15b81447d0adb7efd4a50
meoclass1/oral-intelligence/examiner-audit/ORAL_NOTES_UNITS.jsonl,meoclass1/oralnotes/miw-notes-mgmt-p14.html#topic-p14-1,7,48131c9b9453653e2df15b81447d0adb7efd4a50
meoclass1/oral-intelligence/examiner-audit/ORAL_NOTES_UNITS.jsonl,meoclass1/oralnotes/miw-notes-mgmt-p14.html#topic-p14-2,7,48131c9b9453653e2df15b81447d0adb7efd4a50
meoclass1/oral-intelligence/examiner-audit/ORAL_NOTES_UNITS.jsonl,meoclass1/oralnotes/miw-notes-mgmt-p14.html#topic-p14-3,7,48131c9b9453653e2df15b81447d0adb7efd4a50
meoclass1/oral-intelligence/examiner-audit/ORAL_NOTES_UNITS.jsonl,meoclass1/oralnotes/miw-notes-mgmt-p14.html#topic-p14-4,7,48131c9b9453653e2df15b81447d0adb7efd4a50
meoclass1/oral-intelligence/examiner-audit/ORAL_NOTES_UNITS.jsonl,meoclass1/oralnotes/miw-notes-mgmt-p14.html#topic-p14-5,7,48131c9b9453653e2df15b81447d0adb7efd4a50
meoclass1/oral-intelligence/examiner-audit/ORAL_NOTES_UNITS.jsonl,meoclass1/oralnotes/miw-notes-mgmt-p15.html#topic-p15-1,7,48131c9b9453653e2df15b81447d0adb7efd4a50
meoclass1/oral-intelligence/examiner-audit/ORAL_NOTES_UNITS.jsonl,meoclass1/oralnotes/miw-notes-mgmt-p15.html#topic-p15-2,7,48131c9b9453653e2df15b81447d0adb7efd4a50
meoclass1/oral-intelligence/examiner-audit/ORAL_NOTES_UNITS.jsonl,meoclass1/oralnotes/miw-notes-mgmt-p15.html#topic-p15-3,7,48131c9b9453653e2df15b81447d0adb7efd4a50
meoclass1/oral-intelligence/examiner-audit/ORAL_NOTES_UNITS.jsonl,meoclass1/oralnotes/miw-notes-mgmt-p15.html#topic-p15-4,7,48131c9b9453653e2df15b81447d0adb7efd4a50
meoclass1/oral-intelligence/examiner-audit/ORAL_NOTES_UNITS.jsonl,meoclass1/oralnotes/miw-notes-mgmt-p16.html#topic-p16-1,7,48131c9b9453653e2df15b81447d0adb7efd4a50
meoclass1/oral-intelligence/examiner-audit/ORAL_NOTES_UNITS.jsonl,meoclass1/oralnotes/miw-notes-mgmt-p16.html#topic-p16-2,7,48131c9b9453653e2df15b81447d0adb7efd4a50
meoclass1/oral-intelligence/examiner-audit/ORAL_NOTES_UNITS.jsonl,meoclass1/oralnotes/miw-notes-mgmt-p16.html#topic-p16-3,7,48131c9b9453653e2df15b81447d0adb7efd4a50
meoclass1/oral-intelligence/examiner-audit/ORAL_NOTES_UNITS.jsonl,meoclass1/oralnotes/miw-notes-mgmt-p16.html#topic-p16-4,7,48131c9b9453653e2df15b81447d0adb7efd4a50
meoclass1/oral-intelligence/examiner-audit/ORAL_NOTES_UNITS.jsonl,meoclass1/oralnotes/miw-notes-mgmt-p16.html#topic-p16-5,7,48131c9b9453653e2df15b81447d0adb7efd4a50
meoclass1/oral-intelligence/examiner-audit/ORAL_NOTES_UNITS.jsonl,meoclass1/oralnotes/miw-notes-mgmt-p16.html#topic-p16-6,7,48131c9b9453653e2df15b81447d0adb7efd4a50
meoclass1/oral-intelligence/examiner-audit/ORAL_NOTES_UNITS.jsonl,meoclass1/oralnotes/miw-notes-mgmt-p17.html#topic-p17-1,7,48131c9b9453653e2df15b81447d0adb7efd4a50
meoclass1/oral-intelligence/examiner-audit/ORAL_NOTES_UNITS.jsonl,meoclass1/oralnotes/miw-notes-mgmt-p17.html#topic-p17-2,8,48131c9b9453653e2df15b81447d0adb7efd4a50
meoclass1/oral-intelligence/examiner-audit/ORAL_NOTES_UNITS.jsonl,meoclass1/oralnotes/miw-notes-mgmt-p18.html#topic-p18-1,7,48131c9b9453653e2df15b81447d0adb7efd4a50
meoclass1/oral-intelligence/examiner-audit/ORAL_NOTES_UNITS.jsonl,meoclass1/oralnotes/miw-notes-mgmt-p18.html#topic-p18-2,8,48131c9b9453653e2df15b81447d0adb7efd4a50
meoclass1/oral-intelligence/examiner-audit/ORAL_NOTES_UNITS.jsonl,meoclass1/oralnotes/miw-notes-mgmt-p18.html#topic-p18-3,7,48131c9b9453653e2df15b81447d0adb7efd4a50
meoclass1/oral-intelligence/examiner-audit/ORAL_NOTES_UNITS.jsonl,meoclass1/oralnotes/miw-notes-mgmt-p18.html#topic-p18-4,7,48131c9b9453653e2df15b81447d0adb7efd4a50
meoclass1/oral-intelligence/examiner-audit/ORAL_NOTES_UNITS.jsonl,meoclass1/oralnotes/miw-notes-mgmt-p19.html#topic-p19-1,8,48131c9b9453653e2df15b81447d0adb7efd4a50
meoclass1/oral-intelligence/examiner-audit/ORAL_NOTES_UNITS.jsonl,meoclass1/oralnotes/miw-notes-mgmt-p19.html#topic-p19-2,8,48131c9b9453653e2df15b81447d0adb7efd4a50
meoclass1/oral-intelligence/examiner-audit/ORAL_NOTES_UNITS.jsonl,meoclass1/oralnotes/miw-notes-mgmt-p19.html#topic-p19-3,8,48131c9b9453653e2df15b81447d0adb7efd4a50
meoclass1/oral-intelligence/examiner-audit/ORAL_NOTES_UNITS.jsonl,meoclass1/oralnotes/miw-notes-mgmt-p19.html#topic-p19-4,8,48131c9b9453653e2df15b81447d0adb7efd4a50
meoclass1/oral-intelligence/examiner-audit/ORAL_NOTES_UNITS.jsonl,meoclass1/oralnotes/miw-notes-mgmt-p19.html#topic-p19-5,8,48131c9b9453653e2df15b81447d0adb7efd4a50
meoclass1/oral-intelligence/examiner-audit/ORAL_NOTES_UNITS.jsonl,meoclass1/oralnotes/miw-notes-mgmt-p2.html#topic-10,7,48131c9b9453653e2df15b81447d0adb7efd4a50
meoclass1/oral-intelligence/examiner-audit/ORAL_NOTES_UNITS.jsonl,meoclass1/oralnotes/miw-notes-mgmt-p2.html#topic-7,7,48131c9b9453653e2df15b81447d0adb7efd4a50
meoclass1/oral-intelligence/examiner-audit/ORAL_NOTES_UNITS.jsonl,meoclass1/oralnotes/miw-notes-mgmt-p2.html#topic-8,7,48131c9b9453653e2df15b81447d0adb7efd4a50
meoclass1/oral-intelligence/examiner-audit/ORAL_NOTES_UNITS.jsonl,meoclass1/oralnotes/miw-notes-mgmt-p2.html#topic-9,7,48131c9b9453653e2df15b81447d0adb7efd4a50
meoclass1/oral-intelligence/examiner-audit/ORAL_NOTES_UNITS.jsonl,meoclass1/oralnotes/miw-notes-mgmt-p20.html#topic-p20-1,8,48131c9b9453653e2df15b81447d0adb7efd4a50
meoclass1/oral-intelligence/examiner-audit/ORAL_NOTES_UNITS.jsonl,meoclass1/oralnotes/miw-notes-mgmt-p20.html#topic-p20-2,8,48131c9b9453653e2df15b81447d0adb7efd4a50
meoclass1/oral-intelligence/examiner-audit/ORAL_NOTES_UNITS.jsonl,meoclass1/oralnotes/miw-notes-mgmt-p20.html#topic-p20-3,8,48131c9b9453653e2df15b81447d0adb7efd4a50
meoclass1/oral-intelligence/examiner-audit/ORAL_NOTES_UNITS.jsonl,meoclass1/oralnotes/miw-notes-mgmt-p21.html#topic-p21-1,8,48131c9b9453653e2df15b81447d0adb7efd4a50
meoclass1/oral-intelligence/examiner-audit/ORAL_NOTES_UNITS.jsonl,meoclass1/oralnotes/miw-notes-mgmt-p21.html#topic-p21-2,8,48131c9b9453653e2df15b81447d0adb7efd4a50
meoclass1/oral-intelligence/examiner-audit/ORAL_NOTES_UNITS.jsonl,meoclass1/oralnotes/miw-notes-mgmt-p21.html#topic-p21-3,8,48131c9b9453653e2df15b81447d0adb7efd4a50
meoclass1/oral-intelligence/examiner-audit/ORAL_NOTES_UNITS.jsonl,meoclass1/oralnotes/miw-notes-mgmt-p22.html#topic-p22-1,8,48131c9b9453653e2df15b81447d0adb7efd4a50
meoclass1/oral-intelligence/examiner-audit/ORAL_NOTES_UNITS.jsonl,meoclass1/oralnotes/miw-notes-mgmt-p22.html#topic-p22-2,8,48131c9b9453653e2df15b81447d0adb7efd4a50
meoclass1/oral-intelligence/examiner-audit/ORAL_NOTES_UNITS.jsonl,meoclass1/oralnotes/miw-notes-mgmt-p22.html#topic-p22-3,8,48131c9b9453653e2df15b81447d0adb7efd4a50
meoclass1/oral-intelligence/examiner-audit/ORAL_NOTES_UNITS.jsonl,meoclass1/oralnotes/miw-notes-mgmt-p3.html#topic-11,7,48131c9b9453653e2df15b81447d0adb7efd4a50
meoclass1/oral-intelligence/examiner-audit/ORAL_NOTES_UNITS.jsonl,meoclass1/oralnotes/miw-notes-mgmt-p3.html#topic-12,7,48131c9b9453653e2df15b81447d0adb7efd4a50
meoclass1/oral-intelligence/examiner-audit/ORAL_NOTES_UNITS.jsonl,meoclass1/oralnotes/miw-notes-mgmt-p3.html#topic-13,8,48131c9b9453653e2df15b81447d0adb7efd4a50
meoclass1/oral-intelligence/examiner-audit/ORAL_NOTES_UNITS.jsonl,meoclass1/oralnotes/miw-notes-mgmt-p3.html#topic-14,7,48131c9b9453653e2df15b81447d0adb7efd4a50
meoclass1/oral-intelligence/examiner-audit/ORAL_NOTES_UNITS.jsonl,meoclass1/oralnotes/miw-notes-mgmt-p3.html#topic-15,7,48131c9b9453653e2df15b81447d0adb7efd4a50
meoclass1/oral-intelligence/examiner-audit/ORAL_NOTES_UNITS.jsonl,meoclass1/oralnotes/miw-notes-mgmt-p4.html#topic-16,9,48131c9b9453653e2df15b81447d0adb7efd4a50
meoclass1/oral-intelligence/examiner-audit/ORAL_NOTES_UNITS.jsonl,meoclass1/oralnotes/miw-notes-mgmt-p4.html#topic-17,9,48131c9b9453653e2df15b81447d0adb7efd4a50
meoclass1/oral-intelligence/examiner-audit/ORAL_NOTES_UNITS.jsonl,meoclass1/oralnotes/miw-notes-mgmt-p4.html#topic-18,8,48131c9b9453653e2df15b81447d0adb7efd4a50
meoclass1/oral-intelligence/examiner-audit/ORAL_NOTES_UNITS.jsonl,meoclass1/oralnotes/miw-notes-mgmt-p4.html#topic-19,9,48131c9b9453653e2df15b81447d0adb7efd4a50
meoclass1/oral-intelligence/examiner-audit/ORAL_NOTES_UNITS.jsonl,meoclass1/oralnotes/miw-notes-mgmt-p4.html#topic-20,8,48131c9b9453653e2df15b81447d0adb7efd4a50
meoclass1/oral-intelligence/examiner-audit/ORAL_NOTES_UNITS.jsonl,meoclass1/oralnotes/miw-notes-mgmt-p5.html#topic-21,8,48131c9b9453653e2df15b81447d0adb7efd4a50
meoclass1/oral-intelligence/examiner-audit/ORAL_NOTES_UNITS.jsonl,meoclass1/oralnotes/miw-notes-mgmt-p5.html#topic-22,8,48131c9b9453653e2df15b81447d0adb7efd4a50
meoclass1/oral-intelligence/examiner-audit/ORAL_NOTES_UNITS.jsonl,meoclass1/oralnotes/miw-notes-mgmt-p5.html#topic-23,8,48131c9b9453653e2df15b81447d0adb7efd4a50
meoclass1/oral-intelligence/examiner-audit/ORAL_NOTES_UNITS.jsonl,meoclass1/oralnotes/miw-notes-mgmt-p5.html#topic-24,7,48131c9b9453653e2df15b81447d0adb7efd4a50
meoclass1/oral-intelligence/examiner-audit/ORAL_NOTES_UNITS.jsonl,meoclass1/oralnotes/miw-notes-mgmt-p5.html#topic-25,7,48131c9b9453653e2df15b81447d0adb7efd4a50
meoclass1/oral-intelligence/examiner-audit/ORAL_NOTES_UNITS.jsonl,meoclass1/oralnotes/miw-notes-mgmt-p5.html#topic-26,7,48131c9b9453653e2df15b81447d0adb7efd4a50
meoclass1/oral-intelligence/examiner-audit/ORAL_NOTES_UNITS.jsonl,meoclass1/oralnotes/miw-notes-mgmt-p6.html#topic-27,7,48131c9b9453653e2df15b81447d0adb7efd4a50
meoclass1/oral-intelligence/examiner-audit/ORAL_NOTES_UNITS.jsonl,meoclass1/oralnotes/miw-notes-mgmt-p6.html#topic-28,7,48131c9b9453653e2df15b81447d0adb7efd4a50
meoclass1/oral-intelligence/examiner-audit/ORAL_NOTES_UNITS.jsonl,meoclass1/oralnotes/miw-notes-mgmt-p6.html#topic-29,7,48131c9b9453653e2df15b81447d0adb7efd4a50
meoclass1/oral-intelligence/examiner-audit/ORAL_NOTES_UNITS.jsonl,meoclass1/oralnotes/miw-notes-mgmt-p7.html#topic-30,11,48131c9b9453653e2df15b81447d0adb7efd4a50
meoclass1/oral-intelligence/examiner-audit/ORAL_NOTES_UNITS.jsonl,meoclass1/oralnotes/miw-notes-mgmt-p7.html#topic-31,9,48131c9b9453653e2df15b81447d0adb7efd4a50
meoclass1/oral-intelligence/examiner-audit/ORAL_NOTES_UNITS.jsonl,meoclass1/oralnotes/miw-notes-mgmt-p7.html#topic-32,9,48131c9b9453653e2df15b81447d0adb7efd4a50
meoclass1/oral-intelligence/examiner-audit/ORAL_NOTES_UNITS.jsonl,meoclass1/oralnotes/miw-notes-mgmt-p8.html#topic-33,9,48131c9b9453653e2df15b81447d0adb7efd4a50
meoclass1/oral-intelligence/examiner-audit/ORAL_NOTES_UNITS.jsonl,meoclass1/oralnotes/miw-notes-mgmt-p8.html#topic-34,9,48131c9b9453653e2df15b81447d0adb7efd4a50
meoclass1/oral-intelligence/examiner-audit/ORAL_NOTES_UNITS.jsonl,meoclass1/oralnotes/miw-notes-mgmt-p8.html#topic-35,9,48131c9b9453653e2df15b81447d0adb7efd4a50
meoclass1/oral-intelligence/examiner-audit/ORAL_NOTES_UNITS.jsonl,meoclass1/oralnotes/miw-notes-mgmt-p8.html#topic-36,9,48131c9b9453653e2df15b81447d0adb7efd4a50
meoclass1/oral-intelligence/examiner-audit/ORAL_NOTES_UNITS.jsonl,meoclass1/oralnotes/miw-notes-mgmt-p9.html#topic-37,7,48131c9b9453653e2df15b81447d0adb7efd4a50
meoclass1/oral-intelligence/examiner-audit/ORAL_NOTES_UNITS.jsonl,meoclass1/oralnotes/miw-notes-mgmt-p9.html#topic-38,7,48131c9b9453653e2df15b81447d0adb7efd4a50
meoclass1/oral-intelligence/examiner-audit/ORAL_NOTES_UNITS.jsonl,meoclass1/oralnotes/miw-notes-mgmt-p9.html#topic-39,7,48131c9b9453653e2df15b81447d0adb7efd4a50
meoclass1/oral-intelligence/examiner-audit/ORAL_NOTES_UNITS.jsonl,meoclass1/oralnotes/miw-notes-mgmt-p9.html#topic-40,7,48131c9b9453653e2df15b81447d0adb7efd4a50
meoclass1/oral-intelligence/examiner-audit/ORAL_NOTES_UNITS.jsonl,meoclass1/oralnotes/miw-notes-mgmt-p9.html#topic-41,7,48131c9b9453653e2df15b81447d0adb7efd4a50
meoclass1/oralnotes/miw-notes-mgmt-p11.html,meoclass1/oralnotes/miw-notes-mgmt-p21.html#topic-p21-1,1,48131c9b9453653e2df15b81447d0adb7efd4a50
meoclass1/oralnotes/miw-notes-mgmt-p13.html,meoclass1/oralnotes/miw-notes-mgmt-p12.html#topic-54,2,48131c9b9453653e2df15b81447d0adb7efd4a50
meoclass1/oralnotes/miw-notes-mgmt-p13.html,meoclass1/oralnotes/miw-notes-mgmt-p21.html#topic-p21-3,1,48131c9b9453653e2df15b81447d0adb7efd4a50
meoclass1/oralnotes/miw-notes-mgmt-p15.html,meoclass1/oralnotes/miw-notes-mgmt-p21.html#topic-p21-3,1,48131c9b9453653e2df15b81447d0adb7efd4a50
meoclass1/oralnotes/miw-notes-mgmt-p18.html,meoclass1/oralnotes/miw-notes-mgmt-p19.html#topic-p19-1,1,48131c9b9453653e2df15b81447d0adb7efd4a50
meoclass1/oralnotes/miw-notes-mgmt-p2.html,meoclass1/oralnotes/miw-notes-mgmt-p22.html#topic-p22-3,7,48131c9b9453653e2df15b81447d0adb7efd4a50
meoclass1/oralnotes/miw-notes-mgmt-p23.html,meoclass1/oralnotes/miw-notes-mgmt-p22.html#topic-p22-3,1,48131c9b9453653e2df15b81447d0adb7efd4a50
meoclass1/oralnotes/miw-notes-mgmt-p24.html,meoclass1/oralnotes/miw-notes-mgmt-p22.html#topic-p22-3,1,48131c9b9453653e2df15b81447d0adb7efd4a50
meoclass1/oralnotes/miw-notes-mgmt-p25.html,meoclass1/oralnotes/miw-notes-mgmt-p22.html#topic-p22-3,1,48131c9b9453653e2df15b81447d0adb7efd4a50
meoclass1/oralnotes/miw-notes-mgmt-p28.html,meoclass1/oralnotes/miw-notes-mgmt-p22.html#topic-p22-3,1,48131c9b9453653e2df15b81447d0adb7efd4a50
meoclass1/oralnotes/miw-notes-mgmt-p29.html,meoclass1/oralnotes/miw-notes-mgmt-p22.html#topic-p22-3,1,48131c9b9453653e2df15b81447d0adb7efd4a50
meoclass1/oralnotes/miw-notes-mgmt-p3.html,meoclass1/oralnotes/miw-notes-mgmt-p20.html#topic-p20-3,1,48131c9b9453653e2df15b81447d0adb7efd4a50
meoclass1/oralnotes/miw-notes-mgmt-p31.html,meoclass1/oralnotes/miw-notes-mgmt-p22.html#topic-p22-3,2,48131c9b9453653e2df15b81447d0adb7efd4a50
meoclass1/oralnotes/miw-notes-mgmt-p5.html,meoclass1/oralnotes/miw-notes-mgmt-p6.html#topic-27,1,48131c9b9453653e2df15b81447d0adb7efd4a50
meoclass1/oralnotes/miw-notes-mgmt-p6.html,meoclass1/oralnotes/miw-notes-mgmt-p5.html#topic-25,1,48131c9b9453653e2df15b81447d0adb7efd4a50
meoclass1/oralnotes/miw-notes-mgmt-p6.html,meoclass1/oralnotes/miw-notes-mgmt-p5.html#topic-26,1,48131c9b9453653e2df15b81447d0adb7efd4a50
meoclass1/oralnotes/miw-notes-mgmt-p6.html,meoclass1/oralnotes/miw-notes-mgmt-p7.html#topic-30,1,48131c9b9453653e2df15b81447d0adb7efd4a50
meoclass1/oralnotes/miw-notes-mgmt-p6.html,meoclass1/oralnotes/miw-notes-mgmt-p8.html#topic-33,1,48131c9b9453653e2df15b81447d0adb7efd4a50
meoclass1/oralnotes/miw-notes-mgmt-p7.html,meoclass1/oralnotes/miw-notes-mgmt-p6.html#topic-29,1,48131c9b9453653e2df15b81447d0adb7efd4a50
meoclass1/oralnotes/miw-notes-mgmt-p8.html,meoclass1/oralnotes/miw-notes-mgmt-p4.html#topic-16,2,48131c9b9453653e2df15b81447d0adb7efd4a50
meoclass1/oralnotes/miw-notes-mgmt-p8.html,meoclass1/oralnotes/miw-notes-mgmt-p6.html#topic-28,1,48131c9b9453653e2df15b81447d0adb7efd4a50
meoclass1/oralnotes/notes-master-index.html,meoclass1/oralnotes/miw-notes-mgmt-p10.html#topic-45,1,48131c9b9453653e2df15b81447d0adb7efd4a50
meoclass1/oralnotes/notes-master-index.html,meoclass1/oralnotes/miw-notes-mgmt-p12.html#topic-51,2,48131c9b9453653e2df15b81447d0adb7efd4a50
meoclass1/oralnotes/notes-master-index.html,meoclass1/oralnotes/miw-notes-mgmt-p15.html#topic-p15-1,1,48131c9b9453653e2df15b81447d0adb7efd4a50
meoclass1/oralnotes/notes-master-index.html,meoclass1/oralnotes/miw-notes-mgmt-p8.html#topic-34,1,48131c9b9453653e2df15b81447d0adb7efd4a50
meoclass1/oralnotes/uday-index-crossref.html,meoclass1/oralnotes/miw-notes-mgmt-p1.html#topic-1,1,48131c9b9453653e2df15b81447d0adb7efd4a50
meoclass1/oralnotes/uday-index-crossref.html,meoclass1/oralnotes/miw-notes-mgmt-p1.html#topic-6,1,48131c9b9453653e2df15b81447d0adb7efd4a50
meoclass1/oralnotes/uday-index-crossref.html,meoclass1/oralnotes/miw-notes-mgmt-p10.html#topic-42,1,48131c9b9453653e2df15b81447d0adb7efd4a50
meoclass1/oralnotes/uday-index-crossref.html,meoclass1/oralnotes/miw-notes-mgmt-p10.html#topic-43,3,48131c9b9453653e2df15b81447d0adb7efd4a50
meoclass1/oralnotes/uday-index-crossref.html,meoclass1/oralnotes/miw-notes-mgmt-p10.html#topic-44,1,48131c9b9453653e2df15b81447d0adb7efd4a50
meoclass1/oralnotes/uday-index-crossref.html,meoclass1/oralnotes/miw-notes-mgmt-p10.html#topic-45,1,48131c9b9453653e2df15b81447d0adb7efd4a50
meoclass1/oralnotes/uday-index-crossref.html,meoclass1/oralnotes/miw-notes-mgmt-p10.html#topic-46,2,48131c9b9453653e2df15b81447d0adb7efd4a50
meoclass1/oralnotes/uday-index-crossref.html,meoclass1/oralnotes/miw-notes-mgmt-p11.html#topic-47,1,48131c9b9453653e2df15b81447d0adb7efd4a50
meoclass1/oralnotes/uday-index-crossref.html,meoclass1/oralnotes/miw-notes-mgmt-p11.html#topic-48,1,48131c9b9453653e2df15b81447d0adb7efd4a50
meoclass1/oralnotes/uday-index-crossref.html,meoclass1/oralnotes/miw-notes-mgmt-p11.html#topic-49,2,48131c9b9453653e2df15b81447d0adb7efd4a50
meoclass1/oralnotes/uday-index-crossref.html,meoclass1/oralnotes/miw-notes-mgmt-p12.html#topic-50,2,48131c9b9453653e2df15b81447d0adb7efd4a50
meoclass1/oralnotes/uday-index-crossref.html,meoclass1/oralnotes/miw-notes-mgmt-p12.html#topic-51,1,48131c9b9453653e2df15b81447d0adb7efd4a50
meoclass1/oralnotes/uday-index-crossref.html,meoclass1/oralnotes/miw-notes-mgmt-p12.html#topic-52,3,48131c9b9453653e2df15b81447d0adb7efd4a50
meoclass1/oralnotes/uday-index-crossref.html,meoclass1/oralnotes/miw-notes-mgmt-p12.html#topic-53,1,48131c9b9453653e2df15b81447d0adb7efd4a50
meoclass1/oralnotes/uday-index-crossref.html,meoclass1/oralnotes/miw-notes-mgmt-p12.html#topic-54,2,48131c9b9453653e2df15b81447d0adb7efd4a50
meoclass1/oralnotes/uday-index-crossref.html,meoclass1/oralnotes/miw-notes-mgmt-p13.html#topic-p13-1,1,48131c9b9453653e2df15b81447d0adb7efd4a50
meoclass1/oralnotes/uday-index-crossref.html,meoclass1/oralnotes/miw-notes-mgmt-p13.html#topic-p13-2,2,48131c9b9453653e2df15b81447d0adb7efd4a50
meoclass1/oralnotes/uday-index-crossref.html,meoclass1/oralnotes/miw-notes-mgmt-p13.html#topic-p13-3,1,48131c9b9453653e2df15b81447d0adb7efd4a50
meoclass1/oralnotes/uday-index-crossref.html,meoclass1/oralnotes/miw-notes-mgmt-p14.html#topic-p14-1,2,48131c9b9453653e2df15b81447d0adb7efd4a50
meoclass1/oralnotes/uday-index-crossref.html,meoclass1/oralnotes/miw-notes-mgmt-p14.html#topic-p14-3,2,48131c9b9453653e2df15b81447d0adb7efd4a50
meoclass1/oralnotes/uday-index-crossref.html,meoclass1/oralnotes/miw-notes-mgmt-p14.html#topic-p14-4,1,48131c9b9453653e2df15b81447d0adb7efd4a50
meoclass1/oralnotes/uday-index-crossref.html,meoclass1/oralnotes/miw-notes-mgmt-p14.html#topic-p14-5,5,48131c9b9453653e2df15b81447d0adb7efd4a50
meoclass1/oralnotes/uday-index-crossref.html,meoclass1/oralnotes/miw-notes-mgmt-p15.html#topic-p15-1,5,48131c9b9453653e2df15b81447d0adb7efd4a50
meoclass1/oralnotes/uday-index-crossref.html,meoclass1/oralnotes/miw-notes-mgmt-p15.html#topic-p15-2,2,48131c9b9453653e2df15b81447d0adb7efd4a50
meoclass1/oralnotes/uday-index-crossref.html,meoclass1/oralnotes/miw-notes-mgmt-p15.html#topic-p15-3,3,48131c9b9453653e2df15b81447d0adb7efd4a50
meoclass1/oralnotes/uday-index-crossref.html,meoclass1/oralnotes/miw-notes-mgmt-p15.html#topic-p15-4,2,48131c9b9453653e2df15b81447d0adb7efd4a50
meoclass1/oralnotes/uday-index-crossref.html,meoclass1/oralnotes/miw-notes-mgmt-p16.html#topic-p16-1,4,48131c9b9453653e2df15b81447d0adb7efd4a50
meoclass1/oralnotes/uday-index-crossref.html,meoclass1/oralnotes/miw-notes-mgmt-p16.html#topic-p16-2,5,48131c9b9453653e2df15b81447d0adb7efd4a50
meoclass1/oralnotes/uday-index-crossref.html,meoclass1/oralnotes/miw-notes-mgmt-p16.html#topic-p16-4,1,48131c9b9453653e2df15b81447d0adb7efd4a50
meoclass1/oralnotes/uday-index-crossref.html,meoclass1/oralnotes/miw-notes-mgmt-p16.html#topic-p16-5,2,48131c9b9453653e2df15b81447d0adb7efd4a50
meoclass1/oralnotes/uday-index-crossref.html,meoclass1/oralnotes/miw-notes-mgmt-p16.html#topic-p16-6,3,48131c9b9453653e2df15b81447d0adb7efd4a50
meoclass1/oralnotes/uday-index-crossref.html,meoclass1/oralnotes/miw-notes-mgmt-p17.html#topic-p17-2,3,48131c9b9453653e2df15b81447d0adb7efd4a50
meoclass1/oralnotes/uday-index-crossref.html,meoclass1/oralnotes/miw-notes-mgmt-p18.html#topic-p18-1,2,48131c9b9453653e2df15b81447d0adb7efd4a50
meoclass1/oralnotes/uday-index-crossref.html,meoclass1/oralnotes/miw-notes-mgmt-p18.html#topic-p18-2,1,48131c9b9453653e2df15b81447d0adb7efd4a50
meoclass1/oralnotes/uday-index-crossref.html,meoclass1/oralnotes/miw-notes-mgmt-p18.html#topic-p18-3,1,48131c9b9453653e2df15b81447d0adb7efd4a50
meoclass1/oralnotes/uday-index-crossref.html,meoclass1/oralnotes/miw-notes-mgmt-p18.html#topic-p18-4,4,48131c9b9453653e2df15b81447d0adb7efd4a50
meoclass1/oralnotes/uday-index-crossref.html,meoclass1/oralnotes/miw-notes-mgmt-p19.html#topic-p19-3,2,48131c9b9453653e2df15b81447d0adb7efd4a50
meoclass1/oralnotes/uday-index-crossref.html,meoclass1/oralnotes/miw-notes-mgmt-p19.html#topic-p19-4,3,48131c9b9453653e2df15b81447d0adb7efd4a50
meoclass1/oralnotes/uday-index-crossref.html,meoclass1/oralnotes/miw-notes-mgmt-p19.html#topic-p19-5,5,48131c9b9453653e2df15b81447d0adb7efd4a50
meoclass1/oralnotes/uday-index-crossref.html,meoclass1/oralnotes/miw-notes-mgmt-p2.html#topic-10,1,48131c9b9453653e2df15b81447d0adb7efd4a50
meoclass1/oralnotes/uday-index-crossref.html,meoclass1/oralnotes/miw-notes-mgmt-p20.html#topic-p20-3,4,48131c9b9453653e2df15b81447d0adb7efd4a50
meoclass1/oralnotes/uday-index-crossref.html,meoclass1/oralnotes/miw-notes-mgmt-p21.html#topic-p21-1,3,48131c9b9453653e2df15b81447d0adb7efd4a50
meoclass1/oralnotes/uday-index-crossref.html,meoclass1/oralnotes/miw-notes-mgmt-p21.html#topic-p21-2,3,48131c9b9453653e2df15b81447d0adb7efd4a50
meoclass1/oralnotes/uday-index-crossref.html,meoclass1/oralnotes/miw-notes-mgmt-p21.html#topic-p21-3,2,48131c9b9453653e2df15b81447d0adb7efd4a50
meoclass1/oralnotes/uday-index-crossref.html,meoclass1/oralnotes/miw-notes-mgmt-p22.html#topic-p22-1,3,48131c9b9453653e2df15b81447d0adb7efd4a50
meoclass1/oralnotes/uday-index-crossref.html,meoclass1/oralnotes/miw-notes-mgmt-p22.html#topic-p22-2,6,48131c9b9453653e2df15b81447d0adb7efd4a50
meoclass1/oralnotes/uday-index-crossref.html,meoclass1/oralnotes/miw-notes-mgmt-p22.html#topic-p22-3,5,48131c9b9453653e2df15b81447d0adb7efd4a50
meoclass1/oralnotes/uday-index-crossref.html,meoclass1/oralnotes/miw-notes-mgmt-p23.html#topic-p23-2,1,48131c9b9453653e2df15b81447d0adb7efd4a50
meoclass1/oralnotes/uday-index-crossref.html,meoclass1/oralnotes/miw-notes-mgmt-p23.html#topic-p23-3,3,48131c9b9453653e2df15b81447d0adb7efd4a50
meoclass1/oralnotes/uday-index-crossref.html,meoclass1/oralnotes/miw-notes-mgmt-p23.html#topic-p23-4,2,48131c9b9453653e2df15b81447d0adb7efd4a50
meoclass1/oralnotes/uday-index-crossref.html,meoclass1/oralnotes/miw-notes-mgmt-p23.html#topic-p23-5,1,48131c9b9453653e2df15b81447d0adb7efd4a50
meoclass1/oralnotes/uday-index-crossref.html,meoclass1/oralnotes/miw-notes-mgmt-p24.html#topic-p24-1,4,48131c9b9453653e2df15b81447d0adb7efd4a50
meoclass1/oralnotes/uday-index-crossref.html,meoclass1/oralnotes/miw-notes-mgmt-p24.html#topic-p24-2,2,48131c9b9453653e2df15b81447d0adb7efd4a50
meoclass1/oralnotes/uday-index-crossref.html,meoclass1/oralnotes/miw-notes-mgmt-p25.html#topic-p25-1,4,48131c9b9453653e2df15b81447d0adb7efd4a50
meoclass1/oralnotes/uday-index-crossref.html,meoclass1/oralnotes/miw-notes-mgmt-p25.html#topic-p25-2,1,48131c9b9453653e2df15b81447d0adb7efd4a50
meoclass1/oralnotes/uday-index-crossref.html,meoclass1/oralnotes/miw-notes-mgmt-p26.html#topic-p26-1,8,48131c9b9453653e2df15b81447d0adb7efd4a50
meoclass1/oralnotes/uday-index-crossref.html,meoclass1/oralnotes/miw-notes-mgmt-p26.html#topic-p26-2,5,48131c9b9453653e2df15b81447d0adb7efd4a50
meoclass1/oralnotes/uday-index-crossref.html,meoclass1/oralnotes/miw-notes-mgmt-p27.html#topic-p27-1,9,48131c9b9453653e2df15b81447d0adb7efd4a50
meoclass1/oralnotes/uday-index-crossref.html,meoclass1/oralnotes/miw-notes-mgmt-p27.html#topic-p27-3,1,48131c9b9453653e2df15b81447d0adb7efd4a50
meoclass1/oralnotes/uday-index-crossref.html,meoclass1/oralnotes/miw-notes-mgmt-p28.html#topic-p28-1,5,48131c9b9453653e2df15b81447d0adb7efd4a50
meoclass1/oralnotes/uday-index-crossref.html,meoclass1/oralnotes/miw-notes-mgmt-p28.html#topic-p28-2,6,48131c9b9453653e2df15b81447d0adb7efd4a50
meoclass1/oralnotes/uday-index-crossref.html,meoclass1/oralnotes/miw-notes-mgmt-p28.html#topic-p28-3,6,48131c9b9453653e2df15b81447d0adb7efd4a50
meoclass1/oralnotes/uday-index-crossref.html,meoclass1/oralnotes/miw-notes-mgmt-p29.html#topic-p29-1,2,48131c9b9453653e2df15b81447d0adb7efd4a50
meoclass1/oralnotes/uday-index-crossref.html,meoclass1/oralnotes/miw-notes-mgmt-p29.html#topic-p29-2,4,48131c9b9453653e2df15b81447d0adb7efd4a50
meoclass1/oralnotes/uday-index-crossref.html,meoclass1/oralnotes/miw-notes-mgmt-p29.html#topic-p29-3,4,48131c9b9453653e2df15b81447d0adb7efd4a50
meoclass1/oralnotes/uday-index-crossref.html,meoclass1/oralnotes/miw-notes-mgmt-p29.html#topic-p29-4,1,48131c9b9453653e2df15b81447d0adb7efd4a50
meoclass1/oralnotes/uday-index-crossref.html,meoclass1/oralnotes/miw-notes-mgmt-p3.html#topic-13,2,48131c9b9453653e2df15b81447d0adb7efd4a50
meoclass1/oralnotes/uday-index-crossref.html,meoclass1/oralnotes/miw-notes-mgmt-p3.html#topic-14,2,48131c9b9453653e2df15b81447d0adb7efd4a50
meoclass1/oralnotes/uday-index-crossref.html,meoclass1/oralnotes/miw-notes-mgmt-p3.html#topic-15,4,48131c9b9453653e2df15b81447d0adb7efd4a50
meoclass1/oralnotes/uday-index-crossref.html,meoclass1/oralnotes/miw-notes-mgmt-p30.html#topic-p30-1,3,48131c9b9453653e2df15b81447d0adb7efd4a50
meoclass1/oralnotes/uday-index-crossref.html,meoclass1/oralnotes/miw-notes-mgmt-p30.html#topic-p30-2,1,48131c9b9453653e2df15b81447d0adb7efd4a50
meoclass1/oralnotes/uday-index-crossref.html,meoclass1/oralnotes/miw-notes-mgmt-p31.html#topic-p31-1,3,48131c9b9453653e2df15b81447d0adb7efd4a50
meoclass1/oralnotes/uday-index-crossref.html,meoclass1/oralnotes/miw-notes-mgmt-p31.html#topic-p31-2,1,48131c9b9453653e2df15b81447d0adb7efd4a50
meoclass1/oralnotes/uday-index-crossref.html,meoclass1/oralnotes/miw-notes-mgmt-p31.html#topic-p31-3,1,48131c9b9453653e2df15b81447d0adb7efd4a50
meoclass1/oralnotes/uday-index-crossref.html,meoclass1/oralnotes/miw-notes-mgmt-p4.html#topic-17,2,48131c9b9453653e2df15b81447d0adb7efd4a50
meoclass1/oralnotes/uday-index-crossref.html,meoclass1/oralnotes/miw-notes-mgmt-p4.html#topic-18,1,48131c9b9453653e2df15b81447d0adb7efd4a50
meoclass1/oralnotes/uday-index-crossref.html,meoclass1/oralnotes/miw-notes-mgmt-p4.html#topic-19,3,48131c9b9453653e2df15b81447d0adb7efd4a50
meoclass1/oralnotes/uday-index-crossref.html,meoclass1/oralnotes/miw-notes-mgmt-p4.html#topic-20,4,48131c9b9453653e2df15b81447d0adb7efd4a50
meoclass1/oralnotes/uday-index-crossref.html,meoclass1/oralnotes/miw-notes-mgmt-p5.html#topic-25,1,48131c9b9453653e2df15b81447d0adb7efd4a50
meoclass1/oralnotes/uday-index-crossref.html,meoclass1/oralnotes/miw-notes-mgmt-p5.html#topic-26,2,48131c9b9453653e2df15b81447d0adb7efd4a50
meoclass1/oralnotes/uday-index-crossref.html,meoclass1/oralnotes/miw-notes-mgmt-p6.html#topic-27,1,48131c9b9453653e2df15b81447d0adb7efd4a50
meoclass1/oralnotes/uday-index-crossref.html,meoclass1/oralnotes/miw-notes-mgmt-p6.html#topic-28,2,48131c9b9453653e2df15b81447d0adb7efd4a50
meoclass1/oralnotes/uday-index-crossref.html,meoclass1/oralnotes/miw-notes-mgmt-p6.html#topic-29,2,48131c9b9453653e2df15b81447d0adb7efd4a50
meoclass1/oralnotes/uday-index-crossref.html,meoclass1/oralnotes/miw-notes-mgmt-p7.html#topic-30,1,48131c9b9453653e2df15b81447d0adb7efd4a50
meoclass1/oralnotes/uday-index-crossref.html,meoclass1/oralnotes/miw-notes-mgmt-p7.html#topic-31,1,48131c9b9453653e2df15b81447d0adb7efd4a50
meoclass1/oralnotes/uday-index-crossref.html,meoclass1/oralnotes/miw-notes-mgmt-p8.html#topic-34,2,48131c9b9453653e2df15b81447d0adb7efd4a50
meoclass1/oralnotes/uday-index-crossref.html,meoclass1/oralnotes/miw-notes-mgmt-p8.html#topic-35,1,48131c9b9453653e2df15b81447d0adb7efd4a50
meoclass1/oralnotes/uday-index-crossref.html,meoclass1/oralnotes/miw-notes-mgmt-p8.html#topic-36,3,48131c9b9453653e2df15b81447d0adb7efd4a50
meoclass1/oralnotes/uday-index-crossref.html,meoclass1/oralnotes/miw-notes-mgmt-p9.html#topic-37,1,48131c9b9453653e2df15b81447d0adb7efd4a50
meoclass1/oralnotes/uday-index-crossref.html,meoclass1/oralnotes/miw-notes-mgmt-p9.html#topic-38,1,48131c9b9453653e2df15b81447d0adb7efd4a50
meoclass1/oralnotes/uday-index-crossref.html,meoclass1/oralnotes/miw-notes-mgmt-p9.html#topic-39,1,48131c9b9453653e2df15b81447d0adb7efd4a50
meoclass1/oralnotes/uday-index-crossref.html,meoclass1/oralnotes/miw-notes-mgmt-p9.html#topic-40,2,48131c9b9453653e2df15b81447d0adb7efd4a50
meoclass1/oralnotes/uday-index-crossref.html,meoclass1/oralnotes/miw-notes-mgmt-p9.html#topic-41,3,48131c9b9453653e2df15b81447d0adb7efd4a50
tools/notes/specs/p23.json,meoclass1/oralnotes/miw-notes-mgmt-p22.html#topic-p22-3,1,48131c9b9453653e2df15b81447d0adb7efd4a50
tools/notes/specs/p24.json,meoclass1/oralnotes/miw-notes-mgmt-p22.html#topic-p22-3,1,48131c9b9453653e2df15b81447d0adb7efd4a50
tools/notes/specs/p25.json,meoclass1/oralnotes/miw-notes-mgmt-p22.html#topic-p22-3,1,48131c9b9453653e2df15b81447d0adb7efd4a50
tools/notes/specs/p28.json,meoclass1/oralnotes/miw-notes-mgmt-p22.html#topic-p22-3,1,48131c9b9453653e2df15b81447d0adb7efd4a50
tools/notes/specs/p29.json,meoclass1/oralnotes/miw-notes-mgmt-p22.html#topic-p22-3,1,48131c9b9453653e2df15b81447d0adb7efd4a50
tools/notes/specs/p31.json,meoclass1/oralnotes/miw-notes-mgmt-p22.html#topic-p22-3,2,48131c9b9453653e2df15b81447d0adb7efd4a50
tools/oral/batch_d_manifest.json,meoclass1/oralnotes/miw-notes-mgmt-p10.html#topic-44,1,48131c9b9453653e2df15b81447d0adb7efd4a50
tools/oral/batch_d_manifest.json,meoclass1/oralnotes/miw-notes-mgmt-p16.html#topic-p16-2,1,48131c9b9453653e2df15b81447d0adb7efd4a50
tools/oral/batch_d_manifest.json,meoclass1/oralnotes/miw-notes-mgmt-p16.html#topic-p16-5,1,48131c9b9453653e2df15b81447d0adb7efd4a50
tools/oral/batch_d_manifest.json,meoclass1/oralnotes/miw-notes-mgmt-p19.html#topic-p19-4,1,48131c9b9453653e2df15b81447d0adb7efd4a50
tools/oral/batch_d_manifest.json,meoclass1/oralnotes/miw-notes-mgmt-p21.html#topic-p21-1,1,48131c9b9453653e2df15b81447d0adb7efd4a50
tools/oral/batch_d_manifest.json,meoclass1/oralnotes/miw-notes-mgmt-p8.html#topic-36,1,48131c9b9453653e2df15b81447d0adb7efd4a50
tools/oral/batch_d_manifest.json,meoclass1/oralnotes/miw-notes-mgmt-p9.html#topic-40,1,48131c9b9453653e2df15b81447d0adb7efd4a50
tools/oral/mutate_batch_d.py,meoclass1/oralnotes/miw-notes-mgmt-p8.html#topic-36,1,48131c9b9453653e2df15b81447d0adb7efd4a50
tools/oral/oral_followup_register.json,meoclass1/oralnotes/miw-notes-mgmt-p1.html#topic-1,1,48131c9b9453653e2df15b81447d0adb7efd4a50
tools/oral/oral_followup_register.json,meoclass1/oralnotes/miw-notes-mgmt-p1.html#topic-2,1,48131c9b9453653e2df15b81447d0adb7efd4a50
tools/oral/oral_followup_register.json,meoclass1/oralnotes/miw-notes-mgmt-p1.html#topic-6,1,48131c9b9453653e2df15b81447d0adb7efd4a50
tools/oral/oral_followup_register.json,meoclass1/oralnotes/miw-notes-mgmt-p10.html#topic-44,1,48131c9b9453653e2df15b81447d0adb7efd4a50
tools/oral/oral_followup_register.json,meoclass1/oralnotes/miw-notes-mgmt-p10.html#topic-45,1,48131c9b9453653e2df15b81447d0adb7efd4a50
tools/oral/oral_followup_register.json,meoclass1/oralnotes/miw-notes-mgmt-p11.html#topic-48,1,48131c9b9453653e2df15b81447d0adb7efd4a50
tools/oral/oral_followup_register.json,meoclass1/oralnotes/miw-notes-mgmt-p12.html#topic-50,1,48131c9b9453653e2df15b81447d0adb7efd4a50
tools/oral/oral_followup_register.json,meoclass1/oralnotes/miw-notes-mgmt-p12.html#topic-51,1,48131c9b9453653e2df15b81447d0adb7efd4a50
tools/oral/oral_followup_register.json,meoclass1/oralnotes/miw-notes-mgmt-p12.html#topic-53,1,48131c9b9453653e2df15b81447d0adb7efd4a50
tools/oral/oral_followup_register.json,meoclass1/oralnotes/miw-notes-mgmt-p14.html#topic-p14-1,1,48131c9b9453653e2df15b81447d0adb7efd4a50
tools/oral/oral_followup_register.json,meoclass1/oralnotes/miw-notes-mgmt-p14.html#topic-p14-4,1,48131c9b9453653e2df15b81447d0adb7efd4a50
tools/oral/oral_followup_register.json,meoclass1/oralnotes/miw-notes-mgmt-p15.html#topic-p15-4,1,48131c9b9453653e2df15b81447d0adb7efd4a50
tools/oral/oral_followup_register.json,meoclass1/oralnotes/miw-notes-mgmt-p16.html#topic-p16-2,1,48131c9b9453653e2df15b81447d0adb7efd4a50
tools/oral/oral_followup_register.json,meoclass1/oralnotes/miw-notes-mgmt-p17.html#topic-p17-1,2,48131c9b9453653e2df15b81447d0adb7efd4a50
tools/oral/oral_followup_register.json,meoclass1/oralnotes/miw-notes-mgmt-p18.html#topic-p18-1,2,48131c9b9453653e2df15b81447d0adb7efd4a50
tools/oral/oral_followup_register.json,meoclass1/oralnotes/miw-notes-mgmt-p18.html#topic-p18-2,1,48131c9b9453653e2df15b81447d0adb7efd4a50
tools/oral/oral_followup_register.json,meoclass1/oralnotes/miw-notes-mgmt-p18.html#topic-p18-4,2,48131c9b9453653e2df15b81447d0adb7efd4a50
tools/oral/oral_followup_register.json,meoclass1/oralnotes/miw-notes-mgmt-p19.html#topic-p19-1,2,48131c9b9453653e2df15b81447d0adb7efd4a50
tools/oral/oral_followup_register.json,meoclass1/oralnotes/miw-notes-mgmt-p19.html#topic-p19-2,1,48131c9b9453653e2df15b81447d0adb7efd4a50
tools/oral/oral_followup_register.json,meoclass1/oralnotes/miw-notes-mgmt-p19.html#topic-p19-3,2,48131c9b9453653e2df15b81447d0adb7efd4a50
tools/oral/oral_followup_register.json,meoclass1/oralnotes/miw-notes-mgmt-p19.html#topic-p19-4,2,48131c9b9453653e2df15b81447d0adb7efd4a50
tools/oral/oral_followup_register.json,meoclass1/oralnotes/miw-notes-mgmt-p20.html#topic-p20-2,3,48131c9b9453653e2df15b81447d0adb7efd4a50
tools/oral/oral_followup_register.json,meoclass1/oralnotes/miw-notes-mgmt-p20.html#topic-p20-3,2,48131c9b9453653e2df15b81447d0adb7efd4a50
tools/oral/oral_followup_register.json,meoclass1/oralnotes/miw-notes-mgmt-p21.html#topic-p21-1,3,48131c9b9453653e2df15b81447d0adb7efd4a50
tools/oral/oral_followup_register.json,meoclass1/oralnotes/miw-notes-mgmt-p22.html#topic-p22-2,2,48131c9b9453653e2df15b81447d0adb7efd4a50
tools/oral/oral_followup_register.json,meoclass1/oralnotes/miw-notes-mgmt-p22.html#topic-p22-3,2,48131c9b9453653e2df15b81447d0adb7efd4a50
tools/oral/oral_followup_register.json,meoclass1/oralnotes/miw-notes-mgmt-p4.html#topic-16,1,48131c9b9453653e2df15b81447d0adb7efd4a50
tools/oral/oral_followup_register.json,meoclass1/oralnotes/miw-notes-mgmt-p4.html#topic-20,1,48131c9b9453653e2df15b81447d0adb7efd4a50
tools/oral/oral_followup_register.json,meoclass1/oralnotes/miw-notes-mgmt-p5.html#topic-21,3,48131c9b9453653e2df15b81447d0adb7efd4a50
tools/oral/oral_followup_register.json,meoclass1/oralnotes/miw-notes-mgmt-p6.html#topic-27,3,48131c9b9453653e2df15b81447d0adb7efd4a50
tools/oral/oral_followup_register.json,meoclass1/oralnotes/miw-notes-mgmt-p6.html#topic-29,2,48131c9b9453653e2df15b81447d0adb7efd4a50
tools/oral/oral_followup_register.json,meoclass1/oralnotes/miw-notes-mgmt-p8.html#topic-33,1,48131c9b9453653e2df15b81447d0adb7efd4a50
tools/oral/oral_followup_register.json,meoclass1/oralnotes/miw-notes-mgmt-p8.html#topic-34,1,48131c9b9453653e2df15b81447d0adb7efd4a50
