source_node_key,series,file,anchor,part,ordinal_in_part,title,anchor_scheme,publication_status,source_commit
meoclass1/oralnotes/miw-notes-mgmt-p1.html#topic-1,UDAY,meoclass1/oralnotes/miw-notes-mgmt-p1.html,topic-1,1,1,International Maritime Organization (IMO),GLOBAL,PUBLISHED_LIVE,b667997e1441fcd019942c2a5cdc413936087f4c
meoclass1/oralnotes/miw-notes-mgmt-p1.html#topic-2,UDAY,meoclass1/oralnotes/miw-notes-mgmt-p1.html,topic-2,1,2,"IMO Committees — MSC, MEPC, LEG, TCC, FAL",GLOBAL,PUBLISHED_LIVE,b667997e1441fcd019942c2a5cdc413936087f4c
meoclass1/oralnotes/miw-notes-mgmt-p1.html#topic-3,UDAY,meoclass1/oralnotes/miw-notes-mgmt-p1.html,topic-3,1,3,"IMO Sub-Committees (HTW, III, NCSR, PPR, SDC, SSE, CCC)",GLOBAL,PUBLISHED_LIVE,b667997e1441fcd019942c2a5cdc413936087f4c
meoclass1/oralnotes/miw-notes-mgmt-p1.html#topic-4,UDAY,meoclass1/oralnotes/miw-notes-mgmt-p1.html,topic-4,1,4,"IMO Instruments — Conventions, Protocols, Amendments, Codes, Resolutions",GLOBAL,PUBLISHED_LIVE,b667997e1441fcd019942c2a5cdc413936087f4c
meoclass1/oralnotes/miw-notes-mgmt-p1.html#topic-5,UDAY,meoclass1/oralnotes/miw-notes-mgmt-p1.html,topic-5,1,5,IMO Convention Lifecycle — Draft → Adopt → Ratify → Entry into Force,GLOBAL,PUBLISHED_LIVE,b667997e1441fcd019942c2a5cdc413936087f4c
meoclass1/oralnotes/miw-notes-mgmt-p1.html#topic-6,UDAY,meoclass1/oralnotes/miw-notes-mgmt-p1.html,topic-6,1,6,Tacit Acceptance & Amendment by Resolution,GLOBAL,PUBLISHED_LIVE,b667997e1441fcd019942c2a5cdc413936087f4c
meoclass1/oralnotes/miw-notes-mgmt-p2.html#topic-7,UDAY,meoclass1/oralnotes/miw-notes-mgmt-p2.html,topic-7,2,1,The IMO Legislative Framework & Amendment Mechanisms,GLOBAL,PUBLISHED_LIVE,b667997e1441fcd019942c2a5cdc413936087f4c
meoclass1/oralnotes/miw-notes-mgmt-p2.html#topic-8,UDAY,meoclass1/oralnotes/miw-notes-mgmt-p2.html,topic-8,2,2,Global Maritime Sustainability — GESAMP & the UN SDGs,GLOBAL,PUBLISHED_LIVE,b667997e1441fcd019942c2a5cdc413936087f4c
meoclass1/oralnotes/miw-notes-mgmt-p2.html#topic-9,UDAY,meoclass1/oralnotes/miw-notes-mgmt-p2.html,topic-9,2,3,Decarbonisation Pathways & the IMO Net-Zero Framework (MEPC-83),GLOBAL,PUBLISHED_LIVE,b667997e1441fcd019942c2a5cdc413936087f4c
meoclass1/oralnotes/miw-notes-mgmt-p2.html#topic-10,UDAY,meoclass1/oralnotes/miw-notes-mgmt-p2.html,topic-10,2,4,"MARPOL Annex I — Statutory Certification, Record-Keeping & Oily Waste Management",GLOBAL,PUBLISHED_LIVE,b667997e1441fcd019942c2a5cdc413936087f4c
meoclass1/oralnotes/miw-notes-mgmt-p3.html#topic-11,UDAY,meoclass1/oralnotes/miw-notes-mgmt-p3.html,topic-11,3,1,MARPOL Annex I: Double-Hull Structural Geometry & Tank Segregation,GLOBAL,PUBLISHED_LIVE,b667997e1441fcd019942c2a5cdc413936087f4c
meoclass1/oralnotes/miw-notes-mgmt-p3.html#topic-12,UDAY,meoclass1/oralnotes/miw-notes-mgmt-p3.html,topic-12,3,2,MARPOL Annex I: Oil-Water Separator Evolutionary Design & Operational Discharge Regimes,GLOBAL,PUBLISHED_LIVE,b667997e1441fcd019942c2a5cdc413936087f4c
meoclass1/oralnotes/miw-notes-mgmt-p3.html#topic-13,UDAY,meoclass1/oralnotes/miw-notes-mgmt-p3.html,topic-13,3,3,"MARPOL Annex I Survey Framework, IOPP Certification & Port State Preparedness",GLOBAL,PUBLISHED_LIVE,b667997e1441fcd019942c2a5cdc413936087f4c
meoclass1/oralnotes/miw-notes-mgmt-p3.html#topic-14,UDAY,meoclass1/oralnotes/miw-notes-mgmt-p3.html,topic-14,3,4,"MARPOL Annex II Control of NLS, Chemical Ship Classification (IBC/BCH) & Operational Discharge Standards",GLOBAL,PUBLISHED_LIVE,b667997e1441fcd019942c2a5cdc413936087f4c
meoclass1/oralnotes/miw-notes-mgmt-p3.html#topic-15,UDAY,meoclass1/oralnotes/miw-notes-mgmt-p3.html,topic-15,3,5,"Advanced Chemical Regulatory Management: P&A Manuals, Tripartite Agreements, HNS & Modern Amendments",GLOBAL,PUBLISHED_LIVE,b667997e1441fcd019942c2a5cdc413936087f4c
meoclass1/oralnotes/miw-notes-mgmt-p4.html#topic-16,UDAY,meoclass1/oralnotes/miw-notes-mgmt-p4.html,topic-16,4,1,Hazardous & Noxious Substances (HNS) & Harmful Packaged Cargoes,GLOBAL,PUBLISHED_LIVE,b667997e1441fcd019942c2a5cdc413936087f4c
meoclass1/oralnotes/miw-notes-mgmt-p4.html#topic-17,UDAY,meoclass1/oralnotes/miw-notes-mgmt-p4.html,topic-17,4,2,Sewage & Garbage Management — MARPOL Annex IV & Annex V,GLOBAL,PUBLISHED_LIVE,b667997e1441fcd019942c2a5cdc413936087f4c
meoclass1/oralnotes/miw-notes-mgmt-p4.html#topic-18,UDAY,meoclass1/oralnotes/miw-notes-mgmt-p4.html,topic-18,4,3,"Atmospheric Emissions — MARPOL Annex VI: Sulphur, Incineration, VECS",GLOBAL,PUBLISHED_LIVE,b667997e1441fcd019942c2a5cdc413936087f4c
meoclass1/oralnotes/miw-notes-mgmt-p4.html#topic-19,UDAY,meoclass1/oralnotes/miw-notes-mgmt-p4.html,topic-19,4,4,"NOx Technical Code — Tiers I/II/III, SCR, EGR, Miller Cycle",GLOBAL,PUBLISHED_LIVE,b667997e1441fcd019942c2a5cdc413936087f4c
meoclass1/oralnotes/miw-notes-mgmt-p4.html#topic-20,UDAY,meoclass1/oralnotes/miw-notes-mgmt-p4.html,topic-20,4,5,"SOLAS 1974, FSS/FTP Codes, Class A/B Divisions & 2024 Inert Gas System Amendments",GLOBAL,PUBLISHED_LIVE,b667997e1441fcd019942c2a5cdc413936087f4c
meoclass1/oralnotes/miw-notes-mgmt-p5.html#topic-21,UDAY,meoclass1/oralnotes/miw-notes-mgmt-p5.html,topic-21,5,1,SOLAS Chapter VII — Carriage of Dangerous Goods & Specialized Mandatory Codes,GLOBAL,PUBLISHED_LIVE,b667997e1441fcd019942c2a5cdc413936087f4c
meoclass1/oralnotes/miw-notes-mgmt-p5.html#topic-22,UDAY,meoclass1/oralnotes/miw-notes-mgmt-p5.html,topic-22,5,2,"SOLAS Chapters VIII–XI-2 — ISM, HSC, ESP/CSR & ISPS",GLOBAL,PUBLISHED_LIVE,b667997e1441fcd019942c2a5cdc413936087f4c
meoclass1/oralnotes/miw-notes-mgmt-p5.html#topic-23,UDAY,meoclass1/oralnotes/miw-notes-mgmt-p5.html,topic-23,5,3,"SOLAS Chapters XII–XV — Bulk Carriers, IMSAS, Polar Code & IP Code",GLOBAL,PUBLISHED_LIVE,b667997e1441fcd019942c2a5cdc413936087f4c
meoclass1/oralnotes/miw-notes-mgmt-p5.html#topic-24,UDAY,meoclass1/oralnotes/miw-notes-mgmt-p5.html,topic-24,5,4,"Recent Statutory Amendments (2024–2026) — SOLAS, MARPOL & Hong Kong Convention",GLOBAL,PUBLISHED_LIVE,b667997e1441fcd019942c2a5cdc413936087f4c
meoclass1/oralnotes/miw-notes-mgmt-p5.html#topic-25,UDAY,meoclass1/oralnotes/miw-notes-mgmt-p5.html,topic-25,5,5,MLC 2006 — Legal Architecture and Titles 1 to 4,GLOBAL,PUBLISHED_LIVE,b667997e1441fcd019942c2a5cdc413936087f4c
meoclass1/oralnotes/miw-notes-mgmt-p5.html#topic-26,UDAY,meoclass1/oralnotes/miw-notes-mgmt-p5.html,topic-26,5,6,"MLC 2006 Title 5 — Compliance, Certification & Seafarer Abandonment Safeguards",GLOBAL,PUBLISHED_LIVE,b667997e1441fcd019942c2a5cdc413936087f4c
meoclass1/oralnotes/miw-notes-mgmt-p6.html#topic-27,UDAY,meoclass1/oralnotes/miw-notes-mgmt-p6.html,topic-27,6,1,"The Maritime Labour Convention (MLC) 2006 — Flag State, Port State & Grievance Infrastructure",GLOBAL,PUBLISHED_LIVE,b667997e1441fcd019942c2a5cdc413936087f4c
meoclass1/oralnotes/miw-notes-mgmt-p6.html#topic-28,UDAY,meoclass1/oralnotes/miw-notes-mgmt-p6.html,topic-28,6,2,IMO Goal-Based Ship Construction Standards (GBS) & The Ship Construction File (SCF),GLOBAL,PUBLISHED_LIVE,b667997e1441fcd019942c2a5cdc413936087f4c
meoclass1/oralnotes/miw-notes-mgmt-p6.html#topic-29,UDAY,meoclass1/oralnotes/miw-notes-mgmt-p6.html,topic-29,6,3,"Port State Control (PSC) Regimes, The New Inspection Regime (NIR) & Enforcement Dynamics",GLOBAL,PUBLISHED_LIVE,b667997e1441fcd019942c2a5cdc413936087f4c
meoclass1/oralnotes/miw-notes-mgmt-p7.html#topic-30,UDAY,meoclass1/oralnotes/miw-notes-mgmt-p7.html,topic-30,7,1,"Port State Control (PSC) — Compliance, Deficiency Categorization & Detention Appeal Protocols",GLOBAL,PUBLISHED_LIVE,b667997e1441fcd019942c2a5cdc413936087f4c
meoclass1/oralnotes/miw-notes-mgmt-p7.html#topic-31,UDAY,meoclass1/oralnotes/miw-notes-mgmt-p7.html,topic-31,7,2,"Classification Societies — Statutory Mandates, In-Service Surveys & Class Status Lifecycle",GLOBAL,PUBLISHED_LIVE,b667997e1441fcd019942c2a5cdc413936087f4c
meoclass1/oralnotes/miw-notes-mgmt-p7.html#topic-32,UDAY,meoclass1/oralnotes/miw-notes-mgmt-p7.html,topic-32,7,3,"The IACS Framework — Unified Requirements, Class Transfer & Multi-Class Operations",GLOBAL,PUBLISHED_LIVE,b667997e1441fcd019942c2a5cdc413936087f4c
meoclass1/oralnotes/miw-notes-mgmt-p8.html#topic-33,UDAY,meoclass1/oralnotes/miw-notes-mgmt-p8.html,topic-33,8,1,Harmonized Common Structural Rules (H-CSR) & Goal-Based Standards (GBS),GLOBAL,PUBLISHED_LIVE,b667997e1441fcd019942c2a5cdc413936087f4c
meoclass1/oralnotes/miw-notes-mgmt-p8.html#topic-34,UDAY,meoclass1/oralnotes/miw-notes-mgmt-p8.html,topic-34,8,2,Classification Society Notations & the Code for Recognized Organizations (RO Code),GLOBAL,PUBLISHED_LIVE,b667997e1441fcd019942c2a5cdc413936087f4c
meoclass1/oralnotes/miw-notes-mgmt-p8.html#topic-35,UDAY,meoclass1/oralnotes/miw-notes-mgmt-p8.html,topic-35,8,3,The Code on Noise Levels Onboard Ships (IMO Noise Code),GLOBAL,PUBLISHED_LIVE,b667997e1441fcd019942c2a5cdc413936087f4c
meoclass1/oralnotes/miw-notes-mgmt-p8.html#topic-36,UDAY,meoclass1/oralnotes/miw-notes-mgmt-p8.html,topic-36,8,4,International Maritime Liability Regimes: CLC 1992 & the FUND Convention,GLOBAL,PUBLISHED_LIVE,b667997e1441fcd019942c2a5cdc413936087f4c
meoclass1/oralnotes/miw-notes-mgmt-p9.html#topic-37,UDAY,meoclass1/oralnotes/miw-notes-mgmt-p9.html,topic-37,9,1,IOPC Funds & Voluntary Agreements — STOPIA/TOPIA,GLOBAL,PUBLISHED_LIVE,b667997e1441fcd019942c2a5cdc413936087f4c
meoclass1/oralnotes/miw-notes-mgmt-p9.html#topic-38,UDAY,meoclass1/oralnotes/miw-notes-mgmt-p9.html,topic-38,9,2,Bunker Convention 2001 vs. CLC 92,GLOBAL,PUBLISHED_LIVE,b667997e1441fcd019942c2a5cdc413936087f4c
meoclass1/oralnotes/miw-notes-mgmt-p9.html#topic-39,UDAY,meoclass1/oralnotes/miw-notes-mgmt-p9.html,topic-39,9,3,Convention on Limitation of Liability for Maritime Claims (LLMC),GLOBAL,PUBLISHED_LIVE,b667997e1441fcd019942c2a5cdc413936087f4c
meoclass1/oralnotes/miw-notes-mgmt-p9.html#topic-40,UDAY,meoclass1/oralnotes/miw-notes-mgmt-p9.html,topic-40,9,4,Intervention Convention 1969 & OPRC 1990,GLOBAL,PUBLISHED_LIVE,b667997e1441fcd019942c2a5cdc413936087f4c
meoclass1/oralnotes/miw-notes-mgmt-p9.html#topic-41,UDAY,meoclass1/oralnotes/miw-notes-mgmt-p9.html,topic-41,9,5,UNCLOS Framework & Rights of Passage,GLOBAL,PUBLISHED_LIVE,b667997e1441fcd019942c2a5cdc413936087f4c
meoclass1/oralnotes/miw-notes-mgmt-p10.html#topic-42,UDAY,meoclass1/oralnotes/miw-notes-mgmt-p10.html,topic-42,10,1,Marine Environmental Governance (UNCLOS Pt. XII) & the Tiered Oil Pollution Compensation Regime,GLOBAL,PUBLISHED_LIVE,b667997e1441fcd019942c2a5cdc413936087f4c
meoclass1/oralnotes/miw-notes-mgmt-p10.html#topic-43,UDAY,meoclass1/oralnotes/miw-notes-mgmt-p10.html,topic-43,10,2,The AFS Convention 2001 & Anti-Fouling Coating Technology,GLOBAL,PUBLISHED_LIVE,b667997e1441fcd019942c2a5cdc413936087f4c
meoclass1/oralnotes/miw-notes-mgmt-p10.html#topic-44,UDAY,meoclass1/oralnotes/miw-notes-mgmt-p10.html,topic-44,10,3,"Hull Corrosion Dynamics: SACP, ICCP & Marine Growth Prevention",GLOBAL,PUBLISHED_LIVE,b667997e1441fcd019942c2a5cdc413936087f4c
meoclass1/oralnotes/miw-notes-mgmt-p10.html#topic-45,UDAY,meoclass1/oralnotes/miw-notes-mgmt-p10.html,topic-45,10,4,"FAL Convention 1965 — the 7 IMO Forms, the Maritime Declaration of Health & Stowaway Management",GLOBAL,PUBLISHED_LIVE,b667997e1441fcd019942c2a5cdc413936087f4c
meoclass1/oralnotes/miw-notes-mgmt-p10.html#topic-46,UDAY,meoclass1/oralnotes/miw-notes-mgmt-p10.html,topic-46,10,5,The SUA Convention (1988/2005) & BMP5 Counter-Piracy Architecture,GLOBAL,PUBLISHED_LIVE,b667997e1441fcd019942c2a5cdc413936087f4c
meoclass1/oralnotes/miw-notes-mgmt-p11.html#topic-47,UDAY,meoclass1/oralnotes/miw-notes-mgmt-p11.html,topic-47,11,1,"International Convention on Load Lines, 1966 — Freeboard, Reserve Buoyancy & Type A/B Ship Classification",GLOBAL,PUBLISHED_LIVE,b667997e1441fcd019942c2a5cdc413936087f4c
meoclass1/oralnotes/miw-notes-mgmt-p11.html#topic-48,UDAY,meoclass1/oralnotes/miw-notes-mgmt-p11.html,topic-48,11,2,"Statutory Survey Engineering — Load Line Framework, HSSC Protocols & Certificate Extensions",GLOBAL,PUBLISHED_LIVE,b667997e1441fcd019942c2a5cdc413936087f4c
meoclass1/oralnotes/miw-notes-mgmt-p11.html#topic-49,UDAY,meoclass1/oralnotes/miw-notes-mgmt-p11.html,topic-49,11,3,Ship Tonnage Metrics & the Hong Kong Convention — IHM Structure & the Recycling Lifecycle,GLOBAL,PUBLISHED_LIVE,b667997e1441fcd019942c2a5cdc413936087f4c
meoclass1/oralnotes/miw-notes-mgmt-p12.html#topic-50,UDAY,meoclass1/oralnotes/miw-notes-mgmt-p12.html,topic-50,12,1,"Ship Recycling Regulations, Break-Up Voyages & End-of-Life Environmental Management",GLOBAL_ANCHOR_LOCAL_LABELS,PUBLISHED_LIVE,b667997e1441fcd019942c2a5cdc413936087f4c
meoclass1/oralnotes/miw-notes-mgmt-p12.html#topic-51,UDAY,meoclass1/oralnotes/miw-notes-mgmt-p12.html,topic-51,12,2,International Ballast Water Management Convention (BWM 2004) & Technical Discharge Standards,GLOBAL_ANCHOR_LOCAL_LABELS,PUBLISHED_LIVE,b667997e1441fcd019942c2a5cdc413936087f4c
meoclass1/oralnotes/miw-notes-mgmt-p12.html#topic-52,UDAY,meoclass1/oralnotes/miw-notes-mgmt-p12.html,topic-52,12,3,"The Law of Marine Salvage, Lloyd's Open Form (LOF) & the SCOPIC Framework",GLOBAL_ANCHOR_LOCAL_LABELS,PUBLISHED_LIVE,b667997e1441fcd019942c2a5cdc413936087f4c
meoclass1/oralnotes/miw-notes-mgmt-p12.html#topic-53,UDAY,meoclass1/oralnotes/miw-notes-mgmt-p12.html,topic-53,12,4,Port of Refuge Operational Protocols & Maritime Casualties,GLOBAL_ANCHOR_LOCAL_LABELS,PUBLISHED_LIVE,b667997e1441fcd019942c2a5cdc413936087f4c
meoclass1/oralnotes/miw-notes-mgmt-p12.html#topic-54,UDAY,meoclass1/oralnotes/miw-notes-mgmt-p12.html,topic-54,12,5,The IMO Instruments Implementation Code (III Code) & Mandatory Member State Audits,GLOBAL_ANCHOR_LOCAL_LABELS,PUBLISHED_LIVE,b667997e1441fcd019942c2a5cdc413936087f4c
meoclass1/oralnotes/miw-notes-mgmt-p13.html#topic-p13-1,UDAY,meoclass1/oralnotes/miw-notes-mgmt-p13.html,topic-p13-1,13,1,"The III Code & IMSAS — Deep-Dive: The Nine-Scope-Area Control Loop, Tri-State Jurisdiction & Casualty Reporting",PART_LOCAL,PUBLISHED_LIVE,b667997e1441fcd019942c2a5cdc413936087f4c
meoclass1/oralnotes/miw-notes-mgmt-p13.html#topic-p13-2,UDAY,meoclass1/oralnotes/miw-notes-mgmt-p13.html,topic-p13-2,13,2,"The International Safety Management (ISM) Code — SMS Architecture, DOC/SMC Certification & Non-Conformity Management",PART_LOCAL,PUBLISHED_LIVE,b667997e1441fcd019942c2a5cdc413936087f4c
meoclass1/oralnotes/miw-notes-mgmt-p13.html#topic-p13-3,UDAY,meoclass1/oralnotes/miw-notes-mgmt-p13.html,topic-p13-3,13,3,"The Polar Code — Ship Categories, PWOM, Winterization Engineering & Zero-Discharge Zones",PART_LOCAL,PUBLISHED_LIVE,b667997e1441fcd019942c2a5cdc413936087f4c
meoclass1/oralnotes/miw-notes-mgmt-p14.html#topic-p14-1,UDAY,meoclass1/oralnotes/miw-notes-mgmt-p14.html,topic-p14-1,14,1,The ISPS Code & Ship Security Systems,PART_LOCAL,PUBLISHED_LIVE,b667997e1441fcd019942c2a5cdc413936087f4c
meoclass1/oralnotes/miw-notes-mgmt-p14.html#topic-p14-2,UDAY,meoclass1/oralnotes/miw-notes-mgmt-p14.html,topic-p14-2,14,2,Ship Security Alert System (SSAS) — Engineering & Operational Testing,PART_LOCAL,PUBLISHED_LIVE,b667997e1441fcd019942c2a5cdc413936087f4c
meoclass1/oralnotes/miw-notes-mgmt-p14.html#topic-p14-3,UDAY,meoclass1/oralnotes/miw-notes-mgmt-p14.html,topic-p14-3,14,3,The CSC Convention & the BLU Code,PART_LOCAL,PUBLISHED_LIVE,b667997e1441fcd019942c2a5cdc413936087f4c
meoclass1/oralnotes/miw-notes-mgmt-p14.html#topic-p14-4,UDAY,meoclass1/oralnotes/miw-notes-mgmt-p14.html,topic-p14-4,14,4,Solid Bulk Cargo Engineering: Mechanisms of Liquefaction & Ship Stability,PART_LOCAL,PUBLISHED_LIVE,b667997e1441fcd019942c2a5cdc413936087f4c
meoclass1/oralnotes/miw-notes-mgmt-p14.html#topic-p14-5,UDAY,meoclass1/oralnotes/miw-notes-mgmt-p14.html,topic-p14-5,14,5,"Flag State Administration, Vessel Registry Engineering & the Merchant Shipping Act",PART_LOCAL,PUBLISHED_LIVE,b667997e1441fcd019942c2a5cdc413936087f4c
meoclass1/oralnotes/miw-notes-mgmt-p15.html#topic-p15-1,UDAY,meoclass1/oralnotes/miw-notes-mgmt-p15.html,topic-p15-1,15,1,"Ship Identification Systems & Statutory Credentials — IMO Number, MMSI, Call Sign & CSR",PART_LOCAL,PUBLISHED_LIVE,b667997e1441fcd019942c2a5cdc413936087f4c
meoclass1/oralnotes/miw-notes-mgmt-p15.html#topic-p15-2,UDAY,meoclass1/oralnotes/miw-notes-mgmt-p15.html,topic-p15-2,15,2,"Legal Paradigms of Maritime Claims — Liens, Mortgages, Vessel Arrest & Admiralty Jurisdiction",PART_LOCAL,PUBLISHED_LIVE,b667997e1441fcd019942c2a5cdc413936087f4c
meoclass1/oralnotes/miw-notes-mgmt-p15.html#topic-p15-3,UDAY,meoclass1/oralnotes/miw-notes-mgmt-p15.html,topic-p15-3,15,3,"Statutory Seaworthiness, the ""Unsafe Ship"" & the National Shipping Board",PART_LOCAL,PUBLISHED_LIVE,b667997e1441fcd019942c2a5cdc413936087f4c
meoclass1/oralnotes/miw-notes-mgmt-p15.html#topic-p15-4,UDAY,meoclass1/oralnotes/miw-notes-mgmt-p15.html,topic-p15-4,15,4,Marine Casualty Investigations & the Nairobi Wreck Removal Convention,PART_LOCAL,PUBLISHED_LIVE,b667997e1441fcd019942c2a5cdc413936087f4c
meoclass1/oralnotes/miw-notes-mgmt-p16.html#topic-p16-1,UDAY,meoclass1/oralnotes/miw-notes-mgmt-p16.html,topic-p16-1,16,1,"Nairobi Wreck Removal Convention, River Sea Vessel (RSV) Classification & India's Sagarmala/Blue Economy Strategy",PART_LOCAL,PUBLISHED_LIVE,b667997e1441fcd019942c2a5cdc413936087f4c
meoclass1/oralnotes/miw-notes-mgmt-p16.html#topic-p16-2,UDAY,meoclass1/oralnotes/miw-notes-mgmt-p16.html,topic-p16-2,16,2,"Loadicator Statutory Compliance, Controlled Document Transmittal Records & Integrated Bridge System Architecture",PART_LOCAL,PUBLISHED_LIVE,b667997e1441fcd019942c2a5cdc413936087f4c
meoclass1/oralnotes/miw-notes-mgmt-p16.html#topic-p16-3,UDAY,meoclass1/oralnotes/miw-notes-mgmt-p16.html,topic-p16-3,16,3,"Modernized GMDSS Architecture Under Resolution MSC.496(105) — RMSS, Sea Areas & Reserve Energy",PART_LOCAL,PUBLISHED_LIVE,b667997e1441fcd019942c2a5cdc413936087f4c
meoclass1/oralnotes/miw-notes-mgmt-p16.html#topic-p16-4,UDAY,meoclass1/oralnotes/miw-notes-mgmt-p16.html,topic-p16-4,16,4,Total Quality Management (TQM) and Strategic Operational Excellence in Maritime Engineering,PART_LOCAL,PUBLISHED_LIVE,b667997e1441fcd019942c2a5cdc413936087f4c
meoclass1/oralnotes/miw-notes-mgmt-p16.html#topic-p16-5,UDAY,meoclass1/oralnotes/miw-notes-mgmt-p16.html,topic-p16-5,16,5,"Theoretical Naval Architecture: Simpson's Rules, Hydrostatic Parameters & Form Coefficients",PART_LOCAL,PUBLISHED_LIVE,b667997e1441fcd019942c2a5cdc413936087f4c
meoclass1/oralnotes/miw-notes-mgmt-p16.html#topic-p16-6,UDAY,meoclass1/oralnotes/miw-notes-mgmt-p16.html,topic-p16-6,16,6,"Intact and Damaged Ship Stability: GZ Curve Mechanics, the 2008 IS Code & Second Generation Criteria",PART_LOCAL,PUBLISHED_LIVE,b667997e1441fcd019942c2a5cdc413936087f4c
meoclass1/oralnotes/miw-notes-mgmt-p17.html#topic-p17-1,UDAY,meoclass1/oralnotes/miw-notes-mgmt-p17.html,topic-p17-1,17,1,The Vessel Inclining Experiment — Mechanical & Regulatory Framework,PART_LOCAL,PUBLISHED_LIVE,b667997e1441fcd019942c2a5cdc413936087f4c
meoclass1/oralnotes/miw-notes-mgmt-p17.html#topic-p17-2,UDAY,meoclass1/oralnotes/miw-notes-mgmt-p17.html,topic-p17-2,17,2,"Marine Insurance Fundamentals — The Seven Doctrines, H&M vs P&I, and the International Hull Clauses",PART_LOCAL,PUBLISHED_LIVE,b667997e1441fcd019942c2a5cdc413936087f4c
meoclass1/oralnotes/miw-notes-mgmt-p18.html#topic-p18-1,UDAY,meoclass1/oralnotes/miw-notes-mgmt-p18.html,topic-p18-1,18,1,"Hull & Machinery (H&M) Policy Mechanics — Deductibles, Total Loss Classifications & Policy Typologies",PART_LOCAL,PUBLISHED_LIVE,b667997e1441fcd019942c2a5cdc413936087f4c
meoclass1/oralnotes/miw-notes-mgmt-p18.html#topic-p18-2,UDAY,meoclass1/oralnotes/miw-notes-mgmt-p18.html,topic-p18-2,18,2,The Legal and Operational Mechanics of Subrogation in Maritime Claims,PART_LOCAL,PUBLISHED_LIVE,b667997e1441fcd019942c2a5cdc413936087f4c
meoclass1/oralnotes/miw-notes-mgmt-p18.html#topic-p18-3,UDAY,meoclass1/oralnotes/miw-notes-mgmt-p18.html,topic-p18-3,18,3,"Protection & Indemnity (P&I) Clubs — Mutual Structure, Liability Spectrum & the International Group",PART_LOCAL,PUBLISHED_LIVE,b667997e1441fcd019942c2a5cdc413936087f4c
meoclass1/oralnotes/miw-notes-mgmt-p18.html#topic-p18-4,UDAY,meoclass1/oralnotes/miw-notes-mgmt-p18.html,topic-p18-4,18,4,"General Average, the York-Antwerp Rules (2016) & the New Jason Clause",PART_LOCAL,PUBLISHED_LIVE,b667997e1441fcd019942c2a5cdc413936087f4c
meoclass1/oralnotes/miw-notes-mgmt-p19.html#topic-p19-1,UDAY,meoclass1/oralnotes/miw-notes-mgmt-p19.html,topic-p19-1,19,1,"General Average — Principles, Security Mechanisms and the York-Antwerp Rules 2016",PART_LOCAL,PUBLISHED_LIVE,b667997e1441fcd019942c2a5cdc413936087f4c
meoclass1/oralnotes/miw-notes-mgmt-p19.html#topic-p19-2,UDAY,meoclass1/oralnotes/miw-notes-mgmt-p19.html,topic-p19-2,19,2,"Bills of Lading — Legal Framework, Operational Typologies and the Electronic B/L",PART_LOCAL,PUBLISHED_LIVE,b667997e1441fcd019942c2a5cdc413936087f4c
meoclass1/oralnotes/miw-notes-mgmt-p19.html#topic-p19-3,UDAY,meoclass1/oralnotes/miw-notes-mgmt-p19.html,topic-p19-3,19,3,"Charterparty Frameworks, Off-Hire and Commercial Ship Management",PART_LOCAL,PUBLISHED_LIVE,b667997e1441fcd019942c2a5cdc413936087f4c
meoclass1/oralnotes/miw-notes-mgmt-p19.html#topic-p19-4,UDAY,meoclass1/oralnotes/miw-notes-mgmt-p19.html,topic-p19-4,19,4,"Maritime Economics — Freight Structures, Incoterms 2020 and the Worldscale System",PART_LOCAL,PUBLISHED_LIVE,b667997e1441fcd019942c2a5cdc413936087f4c
meoclass1/oralnotes/miw-notes-mgmt-p19.html#topic-p19-5,UDAY,meoclass1/oralnotes/miw-notes-mgmt-p19.html,topic-p19-5,19,5,"Carriage of Goods Regimes — the Hague Rules, Hague-Visby and the Carriage of Goods by Sea Act 2025",PART_LOCAL,PUBLISHED_LIVE,b667997e1441fcd019942c2a5cdc413936087f4c
meoclass1/oralnotes/miw-notes-mgmt-p20.html#topic-p20-1,UDAY,meoclass1/oralnotes/miw-notes-mgmt-p20.html,topic-p20-1,20,1,"Cargo Liability Regimes in Operation — Clause Paramount, Jurisdictional Scope and the Due Diligence Defence",PART_LOCAL,PUBLISHED_LIVE,b667997e1441fcd019942c2a5cdc413936087f4c
meoclass1/oralnotes/miw-notes-mgmt-p20.html#topic-p20-2,UDAY,meoclass1/oralnotes/miw-notes-mgmt-p20.html,topic-p20-2,20,2,"Bills of Lading and Charter Party Operational Management — On-Hire Surveys, Bunker Disputes and Bareboat Handover",PART_LOCAL,PUBLISHED_LIVE,b667997e1441fcd019942c2a5cdc413936087f4c
meoclass1/oralnotes/miw-notes-mgmt-p20.html#topic-p20-3,UDAY,meoclass1/oralnotes/miw-notes-mgmt-p20.html,topic-p20-3,20,3,"Marine Survey Regimes — HSSC, Drydocking and In-Water Survey, Continuous Machinery Survey and Safety Equipment Certification",PART_LOCAL,PUBLISHED_LIVE,b667997e1441fcd019942c2a5cdc413936087f4c
meoclass1/oralnotes/miw-notes-mgmt-p21.html#topic-p21-1,UDAY,meoclass1/oralnotes/miw-notes-mgmt-p21.html,topic-p21-1,21,1,"The HSSC Certification Framework — Certificate Typologies, Validity Windows, Extensions and Electronic Certificates",PART_LOCAL,PUBLISHED_LIVE,b667997e1441fcd019942c2a5cdc413936087f4c
meoclass1/oralnotes/miw-notes-mgmt-p21.html#topic-p21-2,UDAY,meoclass1/oralnotes/miw-notes-mgmt-p21.html,topic-p21-2,21,2,"Enhanced Structural Inspection Regimes — ESP, CAS and CAP, Substantial Corrosion and Suspect Areas",PART_LOCAL,PUBLISHED_LIVE,b667997e1441fcd019942c2a5cdc413936087f4c
meoclass1/oralnotes/miw-notes-mgmt-p21.html#topic-p21-3,UDAY,meoclass1/oralnotes/miw-notes-mgmt-p21.html,topic-p21-3,21,3,"Statutory Documentation and Operational Auditing — the Continuous Synopsis Record, ISM Certification and Non-Conformity Management",PART_LOCAL,PUBLISHED_LIVE,b667997e1441fcd019942c2a5cdc413936087f4c
meoclass1/oralnotes/miw-notes-mgmt-p22.html#topic-p22-1,UDAY,meoclass1/oralnotes/miw-notes-mgmt-p22.html,topic-p22-1,22,1,"Commercial Vetting Frameworks — SIRE 2.0, CDI-Marine and TMSA-3",PART_LOCAL,PUBLISHED_LIVE,b667997e1441fcd019942c2a5cdc413936087f4c
meoclass1/oralnotes/miw-notes-mgmt-p22.html#topic-p22-2,UDAY,meoclass1/oralnotes/miw-notes-mgmt-p22.html,topic-p22-2,22,2,"Global Climate Accords and the Legal Genesis of Maritime Decarbonisation — Kyoto, Doha and Paris",PART_LOCAL,PUBLISHED_LIVE,b667997e1441fcd019942c2a5cdc413936087f4c
meoclass1/oralnotes/miw-notes-mgmt-p22.html#topic-p22-3,UDAY,meoclass1/oralnotes/miw-notes-mgmt-p22.html,topic-p22-3,22,3,"The IMO GHG Strategy, Market-Based Measures and Technical Energy Efficiency — EEDI, EEXI, CII and the Net-Zero Framework",PART_LOCAL,PUBLISHED_LIVE,b667997e1441fcd019942c2a5cdc413936087f4c
meoclass1/oralnotes/miw-notes-mgmt-p23.html#topic-p23-1,UDAY,meoclass1/oralnotes/miw-notes-mgmt-p23.html,topic-p23-1,23,1,"EEDI — Required versus Attained Values, the Reference Line, Verification and the IEE Certificate",PART_LOCAL,PUBLISHED_LIVE,b667997e1441fcd019942c2a5cdc413936087f4c
meoclass1/oralnotes/miw-notes-mgmt-p23.html#topic-p23-2,UDAY,meoclass1/oralnotes/miw-notes-mgmt-p23.html,topic-p23-2,23,2,"EEXI — Existing-Ship Technical Efficiency, Power Limitation and Certification",PART_LOCAL,PUBLISHED_LIVE,b667997e1441fcd019942c2a5cdc413936087f4c
meoclass1/oralnotes/miw-notes-mgmt-p23.html#topic-p23-3,UDAY,meoclass1/oralnotes/miw-notes-mgmt-p23.html,topic-p23-3,23,3,"CII — Operational Carbon Intensity, Required and Attained Values, Ratings, Corrective Action and the Annual Cycle",PART_LOCAL,PUBLISHED_LIVE,b667997e1441fcd019942c2a5cdc413936087f4c
meoclass1/oralnotes/miw-notes-mgmt-p23.html#topic-p23-4,UDAY,meoclass1/oralnotes/miw-notes-mgmt-p23.html,topic-p23-4,23,4,"IMO Data Collection System, the Statement of Compliance and GISIS",PART_LOCAL,PUBLISHED_LIVE,b667997e1441fcd019942c2a5cdc413936087f4c
meoclass1/oralnotes/miw-notes-mgmt-p23.html#topic-p23-5,UDAY,meoclass1/oralnotes/miw-notes-mgmt-p23.html,topic-p23-5,23,5,"EU MRV — Scope, Gases, Verification and the Comparison with IMO DCS",PART_LOCAL,PUBLISHED_LIVE,b667997e1441fcd019942c2a5cdc413936087f4c
meoclass1/oralnotes/miw-notes-mgmt-p24.html#topic-p24-1,UDAY,meoclass1/oralnotes/miw-notes-mgmt-p24.html,topic-p24-1,24,1,"SEEMP Part I — Planning, EEOI and Carbon Conversion Factors",PART_LOCAL,PUBLISHED_LIVE,b667997e1441fcd019942c2a5cdc413936087f4c
meoclass1/oralnotes/miw-notes-mgmt-p24.html#topic-p24-2,UDAY,meoclass1/oralnotes/miw-notes-mgmt-p24.html,topic-p24-2,24,2,"Propeller–Engine Matching — Layout and Load Diagrams, Margins, De-rating and Heavy Running",PART_LOCAL,PUBLISHED_LIVE,b667997e1441fcd019942c2a5cdc413936087f4c
meoclass1/oralnotes/miw-notes-mgmt-p25.html#topic-p25-1,UDAY,meoclass1/oralnotes/miw-notes-mgmt-p25.html,topic-p25-1,25,1,"Alternative Marine Fuels — Ammonia, Hydrogen, Methanol and LNG under the IGF Framework",PART_LOCAL,PUBLISHED_LIVE,b667997e1441fcd019942c2a5cdc413936087f4c
meoclass1/oralnotes/miw-notes-mgmt-p25.html#topic-p25-2,UDAY,meoclass1/oralnotes/miw-notes-mgmt-p25.html,topic-p25-2,25,2,"Ship Design for Energy Efficiency — Size, Speed, Principal Dimensions and Hull-Form Optimisation",PART_LOCAL,PUBLISHED_LIVE,b667997e1441fcd019942c2a5cdc413936087f4c
meoclass1/oralnotes/miw-notes-mgmt-p26.html#topic-p26-1,UDAY,meoclass1/oralnotes/miw-notes-mgmt-p26.html,topic-p26-1,26,1,"Propeller Wake, Vortex Losses and Energy-Saving Devices — Pre-swirl, Hub-vortex and Post-swirl",PART_LOCAL,PUBLISHED_LIVE,b667997e1441fcd019942c2a5cdc413936087f4c
meoclass1/oralnotes/miw-notes-mgmt-p26.html#topic-p26-2,UDAY,meoclass1/oralnotes/miw-notes-mgmt-p26.html,topic-p26-2,26,2,"High-Efficiency Propellers and Azimuth Propulsion — Ducted, Contra-rotating, Tip-modified and Podded",PART_LOCAL,PUBLISHED_LIVE,b667997e1441fcd019942c2a5cdc413936087f4c
meoclass1/oralnotes/miw-notes-mgmt-p27.html#topic-p27-1,UDAY,meoclass1/oralnotes/miw-notes-mgmt-p27.html,topic-p27-1,27,1,"Human Element — Human Nature, Teamwork, Leadership and Situational Awareness",PART_LOCAL,PUBLISHED_LIVE,b667997e1441fcd019942c2a5cdc413936087f4c
meoclass1/oralnotes/miw-notes-mgmt-p27.html#topic-p27-2,UDAY,meoclass1/oralnotes/miw-notes-mgmt-p27.html,topic-p27-2,27,2,"Human Element in STCW and the ISM Code — Competence, Leadership and Safety Management",PART_LOCAL,PUBLISHED_LIVE,b667997e1441fcd019942c2a5cdc413936087f4c
meoclass1/oralnotes/miw-notes-mgmt-p27.html#topic-p27-3,UDAY,meoclass1/oralnotes/miw-notes-mgmt-p27.html,topic-p27-3,27,3,"Fatigue — Causes, Effects, Prevention and Work/Rest Requirements",PART_LOCAL,PUBLISHED_LIVE,b667997e1441fcd019942c2a5cdc413936087f4c
meoclass1/oralnotes/miw-notes-mgmt-p28.html#topic-p28-1,UDAY,meoclass1/oralnotes/miw-notes-mgmt-p28.html,topic-p28-1,28,1,Formal Safety Assessment and Human Reliability Analysis — the IMO Rule-Making Toolkit,PART_LOCAL,PUBLISHED_LIVE,b667997e1441fcd019942c2a5cdc413936087f4c
meoclass1/oralnotes/miw-notes-mgmt-p28.html#topic-p28-2,UDAY,meoclass1/oralnotes/miw-notes-mgmt-p28.html,topic-p28-2,28,2,"Root Cause Analysis and Accident Causation — Fishbone, Pareto, 5 Why, FMEA, FTA and the Swiss Cheese Model",PART_LOCAL,PUBLISHED_LIVE,b667997e1441fcd019942c2a5cdc413936087f4c
meoclass1/oralnotes/miw-notes-mgmt-p28.html#topic-p28-3,UDAY,meoclass1/oralnotes/miw-notes-mgmt-p28.html,topic-p28-3,28,3,"Chief Engineer Duties, Indian Training and Assessment Framework, and Compliance Short Notes",PART_LOCAL,PUBLISHED_LIVE,b667997e1441fcd019942c2a5cdc413936087f4c
meoclass1/oralnotes/miw-notes-mgmt-p29.html#topic-p29-1,UDAY,meoclass1/oralnotes/miw-notes-mgmt-p29.html,topic-p29-1,29,1,"Lubricating-Oil Analysis and Condition Monitoring — Spectrometry, FTIR, Particle Counting, BN and AN, and Reading the Trend",PART_LOCAL,PUBLISHED_LIVE,b667997e1441fcd019942c2a5cdc413936087f4c
meoclass1/oralnotes/miw-notes-mgmt-p29.html#topic-p29-2,UDAY,meoclass1/oralnotes/miw-notes-mgmt-p29.html,topic-p29-2,29,2,"Digital and Regulatory Developments — Electronic Record Books, MASS Code, Maritime Single Window and Current Maritime Initiatives",PART_LOCAL,PUBLISHED_LIVE,b667997e1441fcd019942c2a5cdc413936087f4c
meoclass1/oralnotes/miw-notes-mgmt-p29.html#topic-p29-3,UDAY,meoclass1/oralnotes/miw-notes-mgmt-p29.html,topic-p29-3,29,3,"Electronically Controlled and Dual-Fuel Two-Stroke Engines — ME Platform, ME-GI/ME-GA, NOx/NECAs, Gas Codes and Turbocharger Developments",PART_LOCAL,PUBLISHED_LIVE,b667997e1441fcd019942c2a5cdc413936087f4c
meoclass1/oralnotes/miw-notes-mgmt-p29.html#topic-p29-4,UDAY,meoclass1/oralnotes/miw-notes-mgmt-p29.html,topic-p29-4,29,4,"Two-Stroke Engine Vibration — Axial, Torsional, Lateral and External Unbalanced Moments",PART_LOCAL,PUBLISHED_LIVE,b667997e1441fcd019942c2a5cdc413936087f4c
meoclass1/oralnotes/miw-notes-mgmt-p30.html#topic-p30-1,UDAY,meoclass1/oralnotes/miw-notes-mgmt-p30.html,topic-p30-1,30,1,"Cyber Risk on Ships — Definitions, IT, OT and IIoT, Relevant Systems, Attack Types and Stages, and the CIA Impact Model",PART_LOCAL,PUBLISHED_LIVE,b667997e1441fcd019942c2a5cdc413936087f4c
meoclass1/oralnotes/miw-notes-mgmt-p30.html#topic-p30-2,UDAY,meoclass1/oralnotes/miw-notes-mgmt-p30.html,topic-p30-2,30,2,"Cyber Risk Management in the Safety Management System — MSC.428(98), MSC-FAL.1/Circ.3/Rev.4, the ISM Clause Map, IACS UR E26/E27, India's DGS Circular and Cyber Insurance",PART_LOCAL,PUBLISHED_LIVE,b667997e1441fcd019942c2a5cdc413936087f4c
meoclass1/oralnotes/miw-notes-mgmt-p31.html#topic-p31-1,UDAY,meoclass1/oralnotes/miw-notes-mgmt-p31.html,topic-p31-1,31,1,"AI, the Internet of Things, Big Data and Augmented Reality — the Data-Driven Ship: What Each Technology Is, What Is Deployed, and What the Chief Engineer Must Control",PART_LOCAL,PUBLISHED_LIVE,b667997e1441fcd019942c2a5cdc413936087f4c
meoclass1/oralnotes/miw-notes-mgmt-p31.html#topic-p31-2,UDAY,meoclass1/oralnotes/miw-notes-mgmt-p31.html,topic-p31-2,31,2,"Blockchain and Distributed Ledger Technology in Shipping — Definition, Real Properties, Electronic Bills of Lading, Smart Contracts, Fuel Traceability and Limitations",PART_LOCAL,PUBLISHED_LIVE,b667997e1441fcd019942c2a5cdc413936087f4c
meoclass1/oralnotes/miw-notes-mgmt-p31.html#topic-p31-3,UDAY,meoclass1/oralnotes/miw-notes-mgmt-p31.html,topic-p31-3,31,3,"3D Printing and Additive Manufacturing — Process, Materials, Class Qualification of Printed Parts, and Why a Downloaded File Is Not a Certified Spare",PART_LOCAL,PUBLISHED_LIVE,b667997e1441fcd019942c2a5cdc413936087f4c
